state,accountlength,areacode,internationalplan,voicemailplan,numbervmailmessages,totaldayminutes,totaldaycalls,totaldaycharge,totaleveminutes,totalevecalls,totalevecharge,totalnightminutes,totalnightcalls,totalnightcharge,totalintlminutes,totalintlcalls,totalintlcharge,numbercustomerservicecalls,class
0,101,510,0,0,0,70.9,123,12.05,211.9,73,18.01,236,73,10.62,10.6,3,2.86,3,0
1,99,415,0,0,0,216.8,123,36.86,126.4,88,10.74,220.6,82,9.93,15.7,2,4.24,1,0
2,108,415,0,0,0,197.4,78,33.56,124,101,10.54,204.5,107,9.2,7.7,4,2.08,2,0
3,117,415,0,0,0,226.5,85,38.51,141.6,68,12.04,223,90,10.04,6.9,5,1.86,1,0
4,63,415,0,1,32,218.9,124,37.21,214.3,125,18.22,260.3,120,11.71,12.9,3,3.48,1,0
5,138,510,0,0,0,89.1,117,15.15,126.8,46,10.78,190.5,71,8.57,9.9,4,2.67,2,0
6,128,415,0,1,43,177.8,100,30.23,147.3,89,12.52,194.2,92,8.74,11.9,1,3.21,0,0
6,140,415,0,0,0,93.2,109,15.84,197.6,116,16.8,219.8,94,9.89,10.5,2,2.84,1,0
7,102,415,0,0,0,228.1,86,38.78,156,97,13.26,227.9,124,10.26,10.6,9,2.86,1,0
4,108,415,0,0,0,112.6,86,19.14,114.9,101,9.77,177.8,119,8,7.2,6,1.94,3,0
8,60,408,0,0,0,207.3,77,35.24,207.9,105,17.67,108.2,89,4.87,12.9,5,3.48,1,0
9,96,408,0,0,0,208.1,93,35.38,189.2,107,16.08,279.6,90,12.58,7.4,2,2,1,0
10,178,415,0,1,22,112.8,66,19.18,232.6,100,19.77,194.8,119,8.77,14.3,3,3.86,1,0
11,106,415,0,1,25,169.4,105,28.8,240.5,108,20.44,159.4,114,7.17,13.9,5,3.75,4,0
0,158,510,0,0,0,193.3,121,32.86,208.1,97,17.69,228.1,99,10.26,7.1,9,1.92,1,0
12,111,415,0,1,35,161.2,142,27.4,159.1,104,13.52,167.9,98,7.56,14.7,5,3.97,1,0
13,102,510,0,0,0,95.6,88,16.25,167.6,106,14.25,177.3,95,7.98,9.8,2,2.65,3,0
8,42,415,0,1,31,170.8,101,29.04,233.4,104,19.84,174.2,121,7.84,11,3,2.97,2,0
14,69,415,0,0,0,229.2,111,38.96,165.3,104,14.05,235.1,80,10.58,5.2,5,1.4,1,0
15,76,415,0,1,41,212.6,110,36.14,172.7,97,14.68,186.3,78,8.38,10.1,5,2.73,0,0
16,72,415,1,0,0,101,110,17.17,240,70,20.4,333.5,105,15.01,11.1,6,3,0,0
17,115,415,1,1,6,140.1,125,23.82,157.9,100,13.42,249.4,96,11.22,10.1,3,2.73,1,0
18,68,408,0,0,0,150.4,106,25.57,199,131,16.92,109.7,103,4.94,12.3,3,3.32,3,0
17,60,510,1,1,37,189.9,125,32.28,110.4,107,9.38,210.7,115,9.48,9.1,5,2.46,3,0
19,97,415,0,0,0,100.8,74,17.14,233.8,88,19.87,208.7,79,9.39,12.6,3,3.4,2,0
3,92,415,0,0,0,138.1,131,23.48,175.7,128,14.93,192.7,119,8.67,10,3,2.7,3,0
10,90,415,0,1,30,191.3,104,32.52,257.1,109,21.85,177.7,89,8,11,1,2.97,1,0
14,54,415,0,0,0,255.4,122,43.42,22.3,87,1.9,152.6,72,6.87,11.1,6,3,0,0
15,161,415,0,0,0,166.2,125,28.25,279.4,78,23.75,181,85,8.15,13.4,6,3.62,1,0
14,110,510,0,0,0,175.6,91,29.85,236.5,127,20.1,194.9,114,8.77,9.5,8,2.57,0,0
1,72,415,0,0,0,190.7,111,32.42,241.6,103,20.54,278.1,95,12.51,4.4,3,1.19,1,0
20,66,415,0,0,0,239.6,120,40.73,230.3,110,19.58,153,82,6.89,8.6,3,2.32,1,0
9,79,510,0,0,0,121.3,112,20.62,282.8,107,24.04,123.1,83,5.54,7.4,4,2,1,0
13,97,510,1,0,0,230.6,131,39.2,261.3,136,22.21,157.1,96,7.07,6.8,4,1.84,0,0
0,63,415,0,0,0,112.5,95,19.13,211.2,67,17.95,227.5,96,10.24,11.1,8,3,0,0
21,77,408,0,1,36,172.2,88,29.27,161.6,112,13.74,259.7,115,11.69,11.8,4,3.19,2,0
6,73,408,0,0,0,195.3,97,33.2,96.8,89,8.23,243.1,84,10.94,16.2,13,4.37,1,0
21,105,510,0,0,0,167.7,93,28.51,234.1,103,19.9,169.7,121,7.64,6.9,5,1.86,3,0
1,83,510,0,0,0,129.6,81,22.03,189.7,117,16.12,219,118,9.86,9.8,4,2.65,2,0
22,93,510,0,0,0,215.5,108,36.64,230.9,70,19.63,144.1,134,6.48,13.2,4,3.56,0,0
18,106,408,0,1,22,218.6,83,37.16,244.4,70,20.77,132.4,99,5.96,9.1,6,2.46,1,0
23,163,415,0,0,0,82,95,13.94,125.2,103,10.64,171.3,107,7.71,8,4,2.16,1,0
24,169,408,0,1,22,149.1,103,25.35,207.2,91,17.61,265.4,92,11.94,11.4,7,3.08,2,0
25,163,510,0,0,0,277.7,118,47.21,115.3,91,9.8,170.3,90,7.66,10.4,8,2.81,0,0
7,57,510,0,0,0,155.2,99,26.38,214.1,98,18.2,241,64,10.85,7.5,7,2.03,1,0
26,117,415,0,0,0,198.5,75,33.75,179.8,92,15.28,234.1,119,10.53,10.6,6,2.86,0,0
27,85,408,0,0,0,209.1,57,35.55,110.7,111,9.41,113.3,113,5.1,12.8,4,3.46,1,0
26,132,415,0,0,0,200,104,34,149.6,101,12.72,137.1,110,6.17,18.9,2,5.1,1,0
28,190,415,0,0,0,196.1,95,33.34,228.3,88,19.41,243.6,95,10.96,7.6,3,2.05,3,0
28,39,510,0,0,0,121.6,99,20.67,267.6,99,22.75,99.7,88,4.49,7.1,2,1.92,1,0
2,84,415,0,0,0,204.1,132,34.7,164.4,117,13.97,165.1,123,7.43,0,0,0,1,0
16,71,415,0,0,0,212.1,114,36.06,235.9,91,20.05,207.7,135,9.35,11.3,5,3.05,4,0
17,114,415,0,0,0,178.3,86,30.31,176.5,99,15,187.1,83,8.42,13.8,2,3.73,1,0
15,135,415,0,0,0,181.8,92,30.91,159.6,63,13.57,232.4,78,10.46,7,6,1.89,0,0
13,93,415,0,0,0,120.6,104,20.5,205.5,95,17.47,182.5,107,8.21,9.6,6,2.59,2,0
29,82,415,0,0,0,172.4,112,29.31,131.7,89,11.19,182.8,78,8.23,8.8,9,2.38,1,0
19,76,408,0,1,12,98.4,100,16.73,187.5,119,15.94,177,68,7.97,15.1,3,4.08,1,0
23,113,408,1,0,0,122.4,98,20.81,223.8,116,19.02,267.5,148,12.04,11.6,5,3.13,3,0
4,128,408,0,0,0,102.5,87,17.43,177.2,97,15.06,226,119,10.17,8.7,5,2.35,1,0
2,84,415,0,0,0,274.1,119,46.6,144.1,123,12.25,268.2,100,12.07,9.9,5,2.67,2,0
16,140,510,0,0,0,193.1,82,32.83,260.3,107,22.13,241.3,93,10.86,13.3,5,3.59,2,0
22,166,510,0,1,32,148.4,86,25.23,170.6,119,14.5,201.5,124,9.07,11.3,12,3.05,1,0
25,161,415,0,0,0,198,90,33.66,186.4,102,15.84,219.2,90,9.86,9.3,2,2.51,1,0
25,187,510,0,1,25,199.9,64,33.98,134.6,110,11.44,210.4,78,9.47,11.7,6,3.16,3,0
30,102,415,0,1,25,187.5,105,31.88,272.3,88,23.15,216.4,91,9.74,11.7,2,3.16,2,0
3,82,408,0,0,0,183.6,111,31.21,303.5,88,25.8,189.8,115,8.54,10.3,6,2.78,0,0
31,100,510,0,1,21,86.1,95,14.64,189.9,126,16.14,201.3,113,9.06,11.7,4,3.16,0,0
32,45,408,0,0,0,126.8,83,21.56,157.8,100,13.41,158.3,97,7.12,11,4,2.97,3,0
33,103,408,0,0,0,147.3,81,25.04,158.4,88,13.46,193.8,103,8.72,11,3,2.97,2,0
8,57,510,0,0,0,165.1,91,28.07,240.8,56,20.47,277,100,12.47,9.5,3,2.57,2,0
11,52,408,0,1,31,122.2,88,20.77,139,100,11.82,141.9,141,6.39,5.7,10,1.54,3,0
0,40,415,1,1,21,147.4,117,25.06,262.8,110,22.34,202,97,9.09,10.9,5,2.94,0,0
34,83,415,0,0,0,228.4,113,38.83,163.3,103,13.88,248,114,11.16,7.8,6,2.11,1,0
35,102,510,0,0,0,184.6,133,31.38,166.8,94,14.18,225.2,105,10.13,6.8,8,1.84,1,0
25,110,510,0,0,0,220.9,100,37.55,279.6,76,23.77,239.8,107,10.79,13.5,9,3.65,1,1
26,69,408,0,1,27,188.4,104,32.03,320.6,128,27.25,161.7,120,7.28,9.7,7,2.62,1,0
36,56,510,0,0,0,254.8,83,43.32,194,98,16.49,186.2,118,8.38,13.5,2,3.65,4,0
37,133,510,0,0,0,338.4,86,57.53,234.6,97,19.94,264.8,139,11.92,14.8,4,4,3,1
28,119,415,0,1,37,168.2,81,28.59,283.3,105,24.08,243.8,136,10.97,10.7,3,2.89,1,0
29,131,415,0,0,0,143.1,114,24.33,138.1,119,11.74,199.4,100,8.97,8.9,3,2.4,3,0
38,60,415,0,1,20,118.3,113,20.11,253.8,97,21.57,172.8,78,7.78,9.4,4,2.54,1,0
11,118,415,0,0,0,256.5,115,43.61,135.3,79,11.5,208.3,131,9.37,7.5,5,2.03,0,0
34,92,510,0,0,0,185.9,111,31.6,216.8,93,18.43,231,58,10.4,8.5,2,2.3,1,0
31,52,510,0,0,0,219,100,37.23,148.9,110,12.66,151.8,129,6.83,11.9,8,3.21,3,0
11,135,510,0,1,18,180.1,90,30.62,152.5,65,12.96,258.2,85,11.62,12.7,9,3.43,1,0
39,107,408,0,0,0,114.9,119,19.53,239.7,91,20.37,165.3,112,7.44,12.6,5,3.4,2,0
40,90,415,0,0,0,180,58,30.6,229.4,88,19.5,162.2,110,7.3,13.2,9,3.56,1,0
41,57,415,0,0,0,234.4,120,39.85,155.3,120,13.2,130.5,103,5.87,9.4,4,2.54,1,0
7,73,408,0,0,0,272.4,112,46.31,252.2,91,21.44,255.4,112,11.49,10.9,5,2.94,1,1
23,127,510,0,0,0,262.9,95,44.69,175.9,126,14.95,202.1,101,9.09,7.5,5,2.03,1,0
21,33,408,0,1,33,221.4,110,37.64,276.1,86,23.47,222.9,102,10.03,10.1,4,2.73,1,0
38,133,408,0,0,0,240.8,72,40.94,202.7,62,17.23,212.9,76,9.58,7.7,5,2.08,1,0
42,145,415,0,0,0,170.5,101,28.99,206.5,112,17.55,194.3,106,8.74,9.8,1,2.65,3,0
43,47,415,0,1,40,158.3,90,26.91,213.2,71,18.12,123,132,5.54,14,2,3.78,2,0
13,53,510,0,1,24,201.7,87,34.29,251.7,97,21.39,297.4,95,13.38,7.9,5,2.13,0,0
42,148,510,0,0,0,168.8,102,28.7,248.1,125,21.09,250.7,96,11.28,10.6,4,2.86,1,0
24,72,415,0,0,0,141.9,98,24.12,188.1,63,15.99,115.2,49,5.18,12,5,3.24,2,0
20,113,510,0,1,28,264.4,93,44.95,222.8,79,18.94,213.7,88,9.62,10,4,2.7,1,0
33,55,415,0,0,0,203.7,80,34.63,230.2,112,19.57,120.3,48,5.41,9.4,1,2.54,3,0
36,60,415,0,0,0,136.4,147,23.19,219.9,101,18.69,99.7,73,4.49,7,3,1.89,0,0
13,90,415,0,1,30,168.2,103,28.59,220.9,75,18.78,224.3,105,10.09,8.2,2,2.21,0,0
44,170,408,0,1,34,125.3,128,21.3,240.6,104,20.45,243.4,109,10.95,7,3,1.89,3,0
6,65,415,0,0,0,217.9,89,37.04,238.8,101,20.3,194.4,105,8.75,6.6,4,1.78,0,0
3,93,408,0,0,0,198.1,93,33.68,236.1,95,20.07,127.3,121,5.73,12.6,4,3.4,2,0
37,117,408,1,1,15,178.8,81,30.4,286.1,85,24.32,229.4,128,10.32,7.1,5,1.92,1,0
26,96,415,0,1,18,262.9,57,44.69,190.2,107,16.17,293.5,103,13.21,11.8,4,3.19,3,0
12,60,415,0,0,0,197,130,33.49,219.2,105,18.63,102.8,113,4.63,12.6,4,3.4,1,0
3,157,510,0,0,0,102.9,94,17.49,229.1,96,19.47,198.7,129,8.94,13.6,2,3.67,1,0
34,91,415,0,0,0,139.8,109,23.77,157,91,13.35,218.6,122,9.84,13.6,4,3.67,3,0
29,104,415,0,0,0,139.7,112,23.75,199.8,127,16.98,189.3,104,8.52,10.3,2,2.78,2,0
2,40,415,0,0,0,309.4,86,52.6,271.3,98,23.06,197.1,116,8.87,11.2,5,3.02,3,1
43,131,408,0,1,29,239.7,102,40.75,212.8,109,18.09,187.7,77,8.45,10.5,2,2.84,1,0
10,131,510,0,0,0,195.6,93,33.25,245,100,20.83,104.7,97,4.71,13.2,6,3.56,2,0
0,161,408,0,0,0,165.4,88,28.12,209.7,111,17.82,270.7,129,12.18,10.5,3,2.84,4,0
45,108,415,0,1,28,221.3,117,37.62,156,102,13.26,159.3,80,7.17,8.7,3,2.35,0,0
11,80,408,0,0,0,196,75,33.32,237.8,112,20.21,220.1,127,9.9,13.9,5,3.75,1,0
7,146,415,0,0,0,174.3,113,29.63,200.7,107,17.06,281.2,145,12.65,11.6,3,3.13,4,0
23,143,408,1,0,0,186.9,98,31.77,196.5,110,16.7,215.3,104,9.69,12.3,3,3.32,4,0
17,113,408,0,0,0,158.4,107,26.93,142.2,104,12.09,174.7,108,7.86,14.9,2,4.02,0,0
7,29,415,0,1,38,149.4,93,25.4,189.8,96,16.13,127.4,71,5.73,6,3,1.62,1,0
45,57,415,0,1,36,244.5,94,41.57,161.2,113,13.7,184.3,105,8.29,9.7,3,2.62,1,0
43,78,415,0,0,0,145.5,124,24.74,143.4,71,12.19,291.1,123,13.1,9.5,5,2.57,3,0
39,120,510,0,0,0,147.7,101,25.11,144.1,71,12.25,237,115,10.67,11.1,5,3,0,0
26,97,415,0,0,0,164.3,106,27.93,182.3,97,15.5,183.9,93,8.28,12.1,2,3.27,1,0
46,144,415,0,1,38,276.3,149,46.97,252,112,21.42,132.5,85,5.96,8.7,3,2.35,1,0
32,97,510,0,1,32,172.7,79,29.36,217.4,101,18.48,260.7,88,11.73,11.7,5,3.16,1,0
29,130,415,0,0,0,138.7,68,23.58,205.6,102,17.48,231.2,108,10.4,13.6,3,3.67,2,0
44,59,415,0,1,26,205.4,68,34.92,115,115,9.78,214.7,130,9.66,9.4,2,2.54,5,0
16,139,408,0,0,0,187.4,86,31.86,169.3,116,14.39,153.4,88,6.9,11.7,3,3.16,1,0
9,42,408,0,1,34,131.5,143,22.36,185.3,109,15.75,177.3,117,7.98,10.9,5,2.94,0,0
17,63,415,0,0,0,120.1,103,20.42,179.2,132,15.23,127.3,82,5.73,6.3,4,1.7,1,0
40,143,415,0,0,0,168.6,85,28.66,176.3,89,14.99,282.3,69,12.7,13.3,10,3.59,1,0
29,150,415,0,1,29,235.8,91,40.09,202.8,84,17.24,246.3,81,11.08,11.9,4,3.21,1,0
6,98,408,0,0,0,158.5,90,26.95,254.4,67,21.62,178.4,104,8.03,14.8,5,4,2,0
44,17,510,0,1,30,280,101,47.6,258.9,85,22.01,230,130,10.35,10.3,2,2.78,3,0
40,101,415,0,0,0,229.8,97,39.07,217.8,133,18.51,243.5,53,10.96,8.9,2,2.4,1,0
14,163,415,0,0,0,241.6,102,41.07,138.9,100,11.81,148.8,129,6.7,9.8,6,2.65,1,0
27,140,415,0,1,27,176,141,29.92,201.3,143,17.11,167.9,93,7.56,7.1,5,1.92,3,0
37,102,510,0,1,45,129.2,142,21.96,239.4,114,20.35,223.4,66,10.05,8.7,4,2.35,0,0
29,71,415,0,1,49,174,122,29.58,168.6,85,14.33,132.1,120,5.94,7.8,4,2.11,1,0
25,96,415,0,0,0,264.6,117,44.98,264.1,121,22.45,77.1,89,3.47,8.1,4,2.19,0,0
34,90,408,0,0,0,160.9,97,27.35,136.4,46,11.59,209,121,9.4,9.1,4,2.46,2,0
38,106,510,0,1,36,124.8,93,21.22,241.7,83,20.54,219,110,9.86,11.3,3,3.05,1,0
8,148,510,0,0,0,230.6,92,39.2,185.6,97,15.78,183.2,79,8.24,6.2,4,1.67,2,0
37,95,408,0,1,35,229.1,143,38.95,148.2,104,12.6,248.4,110,11.18,3.9,3,1.05,0,0
47,127,408,0,0,0,212.9,92,36.19,260.1,124,22.11,177.6,85,7.99,8.6,2,2.32,2,0
42,79,408,0,1,30,124.8,99,21.22,207.6,142,17.65,175,95,7.88,4.6,3,1.24,1,0
5,83,510,0,0,0,133.9,82,22.76,169.6,105,14.42,222.8,114,10.03,11.7,4,3.16,0,0
12,83,510,0,1,31,129.8,87,22.07,183.4,110,15.59,169.4,40,7.62,14.3,6,3.86,1,0
2,136,415,0,0,0,88.5,112,15.05,279.5,98,23.76,278,69,12.51,7.5,12,2.03,1,0
0,17,408,0,0,0,168.5,102,28.65,297.2,130,25.26,244.7,117,11.01,8.8,6,2.38,3,0
47,149,510,0,0,0,117.2,99,19.92,227.7,74,19.35,221.7,141,9.98,9,7,2.43,1,0
7,79,510,1,0,0,300.4,113,51.07,210.8,93,17.92,173.4,121,7.8,11.9,3,3.21,2,1
19,94,415,0,0,0,195.1,105,33.17,272.4,100,23.15,142.7,102,6.42,11.5,16,3.11,1,0
9,93,415,0,0,0,172,80,29.24,219.1,76,18.62,169.8,108,7.64,10.3,3,2.78,0,0
17,109,415,1,1,46,165.2,85,28.08,136,92,11.56,184.8,100,8.32,11.9,5,3.21,1,0
48,106,415,0,0,0,149.7,114,25.45,104.5,72,8.88,227.9,87,10.26,9,2,2.43,2,0
1,124,408,0,0,0,244.6,91,41.58,125.1,70,10.63,303.4,104,13.65,12,5,3.24,0,0
7,163,415,0,1,30,195.2,123,33.18,126.4,115,10.74,221,90,9.95,9,5,2.43,5,1
22,87,510,1,0,0,207.8,113,35.33,182.2,129,15.49,163.4,98,7.35,13,3,3.51,1,0
0,103,415,0,0,0,245.8,116,41.79,135.4,97,11.51,190.9,73,8.59,9.9,7,2.67,1,0
49,72,415,0,0,0,129.8,106,22.07,188.7,138,16.04,212.5,116,9.56,8.3,4,2.24,4,1
22,108,510,1,0,0,275.9,84,46.9,203,91,17.26,211.4,108,9.51,6.7,4,1.81,2,1
42,80,510,0,0,0,213.3,124,36.26,189.6,86,16.12,193.7,107,8.72,12.1,2,3.27,1,0
23,117,415,0,0,0,128.6,92,21.86,191.7,61,16.29,121.7,117,5.48,12.4,9,3.35,2,0
4,51,510,0,0,0,95.3,103,16.2,189.3,116,16.09,238.7,110,10.74,13.6,4,3.67,1,0
9,126,415,0,0,0,152.4,94,25.91,166.2,91,14.13,199.2,84,8.96,10.2,1,2.75,1,0
21,149,415,0,0,0,194.9,108,33.13,187.1,102,15.9,174.9,168,7.87,8.2,4,2.21,4,0
24,158,415,0,0,0,214.7,112,36.5,262.9,115,22.35,228.9,68,10.3,11.6,2,3.13,1,0
20,66,415,0,0,0,180.4,99,30.67,135.1,114,11.48,206,98,9.27,9.5,6,2.57,1,0
31,82,415,0,0,0,164.1,84,27.9,317.7,109,27,241.5,87,10.87,13.3,4,3.59,1,0
35,127,510,0,0,0,211.1,62,35.89,235.2,143,19.99,227.5,66,10.24,15.6,3,4.21,2,0
40,108,415,0,1,19,312.4,98,53.11,271.4,122,23.07,162.6,91,7.32,10.1,6,2.73,0,0
22,106,408,0,1,27,223.3,97,37.96,212.5,131,18.06,154.6,149,6.96,11.6,2,3.13,1,0
10,48,408,0,1,26,192.9,60,32.79,179.2,87,15.23,185.5,137,8.35,18.7,7,5.05,0,0
12,58,415,0,1,28,236.8,89,40.26,158.4,91,13.46,212.3,97,9.55,8,3,2.16,2,0
32,81,415,0,1,17,268.1,94,45.58,156.1,124,13.27,160.4,90,7.22,13.6,5,3.67,2,0
13,36,415,1,0,0,245,119,41.65,195.5,91,16.62,165.7,87,7.46,7.8,7,2.11,1,0
50,90,510,0,1,22,187.9,121,31.94,209.9,101,17.84,256.7,102,11.55,10.4,5,2.81,2,0
47,177,415,0,1,21,234,108,39.78,238,61,20.23,201.9,125,9.09,8.8,4,2.38,0,0
44,108,510,1,1,36,153.8,105,26.15,246.2,62,20.93,150.9,125,6.79,11.1,4,3,1,0
29,25,415,1,0,0,211.7,51,35.99,225.2,74,19.14,197.4,95,8.88,12,3,3.24,0,0
28,133,408,0,1,49,229.4,78,39,219.5,106,18.66,172.3,115,7.75,12,4,3.24,3,0
39,90,415,0,0,0,68.8,124,11.7,168.1,106,14.29,281.7,96,12.68,9.8,5,2.65,1,0
38,94,415,0,0,0,200.2,113,34.03,128.9,116,10.96,278.9,109,12.55,10.4,5,2.81,0,0
33,68,415,0,0,0,134.6,73,22.88,206.8,117,17.58,138.4,104,6.23,9.4,2,2.54,2,0
48,171,415,0,0,0,232.4,101,39.51,182,80,15.47,271.8,133,12.23,9.5,3,2.57,0,0
9,122,415,0,0,0,126,89,21.42,147,95,12.5,280.2,97,12.61,5.6,4,1.51,0,0
12,94,510,0,0,0,175.9,121,29.9,222.1,94,18.88,191.8,123,8.63,10.9,5,2.94,1,0
37,25,415,1,0,0,161.7,99,27.49,216.1,89,18.37,176.7,115,7.95,12.4,6,3.35,1,0
14,107,415,0,1,26,234,116,39.78,223.9,103,19.03,246.5,105,11.09,13.8,1,3.73,1,0
37,93,415,0,0,0,174.1,127,29.6,176.8,73,15.03,240,111,10.8,10.7,3,2.89,0,0
38,80,415,0,0,0,195.6,111,33.25,221.5,122,18.83,182,89,8.19,10.8,1,2.92,1,0
42,127,415,0,0,0,200.8,104,34.14,181.4,73,15.42,89.7,49,4.04,9.7,5,2.62,0,0
8,44,415,0,0,0,225.6,118,38.35,135.4,122,11.51,190.1,96,8.55,12.1,5,3.27,1,0
13,69,408,0,1,38,272.9,122,46.39,188.4,97,16.01,132.4,87,5.96,10.5,3,2.84,2,0
28,89,510,0,0,0,215.9,106,36.7,211.1,89,17.94,252.9,106,11.38,8.8,4,2.38,0,0
16,69,510,1,0,0,199.7,121,33.95,189.4,92,16.1,264,120,11.88,11.1,4,3,6,1
8,64,415,0,1,31,281.9,121,47.92,240.6,104,20.45,212.2,120,9.55,7,5,1.89,3,0
34,167,415,1,0,0,181.2,122,30.8,262.5,77,22.31,214,88,9.63,8.4,4,2.27,0,0
44,41,510,0,0,0,208,83,35.36,199.4,110,16.95,173.5,91,7.81,14.9,3,4.02,1,0
5,104,510,0,0,0,189.3,73,32.18,156.2,120,13.28,232.2,76,10.45,7.5,8,2.03,3,0
46,68,415,0,0,0,172.3,135,29.29,190.2,93,16.17,297.6,84,13.39,10.4,2,2.81,1,0
14,184,415,0,0,0,167.2,133,28.42,162.1,123,13.78,156.9,81,7.06,9.5,4,2.57,1,0
45,171,510,1,0,0,191.6,83,32.57,181.1,103,15.39,195.3,73,8.79,8.6,3,2.32,3,0
19,68,408,0,0,0,172.5,115,29.33,221.9,126,18.86,170.9,98,7.69,6.8,8,1.84,4,0
26,130,408,0,0,0,289.1,79,49.15,150.1,106,12.76,163.4,98,7.35,13.5,4,3.65,1,0
33,156,415,0,0,0,162.6,113,27.64,260.2,90,22.12,214.7,93,9.66,10.9,2,2.94,0,0
45,92,510,0,1,27,233.6,126,39.71,152.9,94,13,262.1,95,11.79,12.8,4,3.46,1,0
9,151,415,0,1,31,240.7,102,40.92,106.5,96,9.05,195.7,128,8.81,10.6,2,2.86,2,0
20,131,408,0,0,0,155.6,78,26.45,165.2,134,14.04,184.1,89,8.28,8.7,2,2.35,2,0
28,100,415,0,0,0,303,93,51.51,175.6,89,14.93,135.2,102,6.08,10.4,5,2.81,1,1
40,81,408,0,1,36,164.8,106,28.02,210.2,138,17.87,173.6,78,7.81,4.3,2,1.16,2,0
14,160,415,0,0,0,237.1,126,40.31,238.4,127,20.26,181.3,100,8.16,10.7,8,2.89,2,0
15,100,415,0,0,0,220.3,106,37.45,126.1,124,10.72,242,67,10.89,10.2,1,2.75,3,0
20,78,510,0,1,26,189,98,32.13,191.7,67,16.29,217,68,9.76,11.3,3,3.05,0,0
12,139,510,1,0,0,172.6,92,29.34,281.7,123,23.94,253.4,117,11.4,10.5,3,2.84,3,0
38,88,415,0,0,0,168.8,141,28.7,211.5,129,17.98,86.9,92,3.91,10.5,7,2.84,3,0
10,152,408,0,1,39,243.1,137,41.33,236.7,103,20.12,191.2,118,8.6,9.9,3,2.67,1,0
16,45,510,1,1,40,179,114,30.43,272.6,99,23.17,67.1,80,3.02,10.8,3,2.92,3,0
4,102,510,0,0,0,69.7,85,11.85,226.5,107,19.25,128.5,104,5.78,11.1,2,3,2,0
32,49,408,1,1,32,176.9,118,30.07,227,121,19.3,204.4,115,9.2,15.1,3,4.08,3,1
24,36,415,0,0,0,140.4,117,23.87,204.5,121,17.38,251.3,79,11.31,8.7,4,2.35,2,0
49,13,510,0,0,0,167.4,117,28.46,223.5,102,19,215.8,108,9.71,9,3,2.43,1,0
13,135,415,1,0,0,177.2,151,30.12,209.3,83,17.79,236.3,114,10.63,11.1,5,3,2,0
29,114,415,0,1,34,114.5,64,19.47,229.3,84,19.49,288.8,68,13,10.4,16,2.81,0,0
42,122,415,0,1,34,205.1,123,34.87,203.3,123,17.28,126.7,106,5.7,10.7,1,2.89,2,0
37,96,415,0,0,0,125.8,102,21.39,244.4,111,20.77,167.7,90,7.55,9,2,2.43,2,0
24,106,408,0,0,0,186.2,97,31.65,257.7,89,21.9,164.3,106,7.39,11,4,2.97,2,0
43,122,415,0,0,0,128.9,136,21.91,244.4,133,20.77,148.7,133,6.69,10.7,5,2.89,0,0
17,87,415,0,1,16,257.4,91,43.76,232,101,19.72,143.2,73,6.44,14.7,2,3.97,1,0
8,145,415,0,0,0,189.3,113,32.18,203.7,92,17.31,218.3,103,9.82,14.2,3,3.83,5,0
31,136,415,0,1,24,50.1,134,8.52,295.8,89,25.14,111.8,115,5.03,11,6,2.97,0,0
17,111,408,0,0,0,165.5,72,28.14,228.9,73,19.46,169.7,103,7.64,9.7,6,2.62,2,0
9,167,415,1,0,0,143.7,108,24.43,75.6,111,6.43,217.9,99,9.81,9.9,4,2.67,0,0
17,88,408,0,0,0,166.4,97,28.29,186.7,118,15.87,251.6,89,11.32,14.5,4,3.92,0,0
40,131,415,0,0,0,264.2,118,44.91,180,89,15.3,223.9,104,10.08,10.7,1,2.89,2,0
23,42,408,0,1,16,240.8,80,40.94,212.6,121,18.07,271.7,138,12.23,9.4,4,2.54,1,0
3,69,510,0,0,0,170.7,98,29.02,111.6,109,9.49,171.5,107,7.72,4.8,7,1.3,3,0
34,72,415,0,0,0,180,109,30.6,292.7,96,24.88,194.9,114,8.77,10.8,4,2.92,0,0
31,88,415,0,1,14,298.8,92,50.8,207.3,86,17.62,257.9,65,11.61,11.9,4,3.21,5,0
34,142,408,1,1,23,102.2,103,17.37,229.7,110,19.52,176.3,100,7.93,9,4,2.43,1,0
20,3,408,0,0,0,182.9,87,31.09,172.1,103,14.63,233.1,89,10.49,12.1,3,3.27,4,0
49,75,415,0,0,0,184.8,126,31.42,198.6,103,16.88,103,90,4.64,8.3,3,2.24,1,0
28,151,415,0,0,0,175.7,91,29.87,152.3,127,12.95,140,88,6.3,10.7,10,2.89,1,0
45,78,510,0,0,0,131.6,102,22.37,290.4,134,24.68,190.5,95,8.57,0,0,0,3,0
28,98,408,0,0,0,92.3,128,15.69,250.1,89,21.26,211.9,110,9.54,10.8,16,2.92,3,0
2,78,415,0,0,0,131.4,98,22.34,189.9,95,16.14,147.4,83,6.63,11.2,2,3.02,2,0
41,138,415,0,0,0,216,106,36.72,207.6,110,17.65,180,102,8.1,11.2,4,3.02,0,0
0,19,510,0,1,34,206.4,111,35.09,229.7,118,19.52,156.7,81,7.05,11.8,10,3.19,3,0
0,141,510,0,0,0,138.2,94,23.49,176.4,84,14.99,182.9,110,8.23,11.1,6,3,3,0
24,79,408,0,1,27,192.3,125,32.69,147.3,108,12.52,215,97,9.67,7.8,4,2.11,1,0
42,171,415,0,0,0,262.1,78,44.56,171.6,113,14.59,208.7,100,9.39,5.3,3,1.43,0,0
41,94,510,0,0,0,210.2,95,35.73,191.2,87,16.25,150.8,111,6.79,9.4,3,2.54,2,0
12,100,415,0,1,39,204.9,74,34.83,210.2,80,17.87,168.8,89,7.6,11.2,4,3.02,2,0
2,125,510,0,0,0,184.1,105,31.3,126.7,123,10.77,241.5,94,10.87,4.7,6,1.27,1,0
29,81,510,0,0,0,263.8,84,44.85,162.8,107,13.84,149.7,94,6.74,8.7,6,2.35,2,0
44,91,408,0,0,0,167.5,77,28.48,175.2,113,14.89,233.5,85,10.51,16.1,5,4.35,2,0
35,94,415,0,0,0,142.3,50,24.19,231.5,142,19.68,205.6,79,9.25,5.5,3,1.49,1,0
20,57,415,0,0,0,167.1,103,28.41,188.4,112,16.01,111.4,74,5.01,9.1,2,2.46,1,0
7,140,510,0,0,0,148.3,86,25.21,184.2,151,15.66,179.1,83,8.06,10.9,4,2.94,0,0
26,64,510,0,0,0,297.8,88,50.63,196,89,16.66,213.7,107,9.62,12,2,3.24,1,1
11,52,408,1,0,0,144.5,60,24.57,296.5,129,25.2,194.3,117,8.74,12.4,3,3.35,1,0
25,119,415,0,0,0,130.5,98,22.19,249.5,91,21.21,219.9,117,9.9,12.7,1,3.43,3,0
27,85,510,0,0,0,133.3,107,22.66,185,101,15.73,289,99,13.01,9.1,4,2.46,3,0
2,92,510,0,0,0,183.7,103,31.23,270.6,97,23,132.9,104,5.98,11.2,2,3.02,0,0
3,163,510,0,0,0,122.5,70,20.83,221.4,92,18.82,187.5,88,8.44,10.4,6,2.81,0,0
46,83,415,0,0,0,182.5,85,31.03,181.5,114,15.43,199.1,110,8.96,14.7,6,3.97,1,0
39,117,510,0,0,0,110.4,122,18.77,242.9,103,20.65,170.4,75,7.67,13.9,5,3.75,1,0
27,90,408,0,0,0,140.8,109,23.94,303,114,25.76,267.4,112,12.03,14.1,1,3.81,0,0
31,137,415,0,0,0,137.5,102,23.38,176,98,14.96,210.6,88,9.48,10.4,6,2.81,0,0
28,112,415,0,0,0,115.9,81,19.7,199.7,100,16.97,249.3,111,11.22,10,4,2.7,1,0
37,52,408,0,0,0,288.2,108,48.99,129.6,136,11.02,229.6,73,10.33,9.6,5,2.59,4,0
41,173,510,0,1,20,60.2,100,10.23,118.1,76,10.04,230.1,131,10.35,13.3,4,3.59,1,0
26,120,415,0,1,27,179.6,142,30.53,262.8,103,22.34,239.9,81,10.8,11.1,2,3,1,0
32,132,415,0,0,0,99,126,16.83,189.4,76,16.1,156.3,108,7.03,8.4,3,2.27,1,0
18,101,408,0,0,0,155.4,71,26.42,84,122,7.14,229.1,97,10.31,5.8,1,1.57,1,0
4,58,408,0,0,0,177.4,107,30.16,204.7,104,17.4,141.9,123,6.39,15,9,4.05,3,0
16,113,408,0,0,0,210.2,109,35.73,199.4,81,16.95,173.3,94,7.8,9.9,4,2.67,3,0
45,132,510,0,0,0,126.8,83,21.56,243.2,97,20.67,223.4,106,10.05,7.1,5,1.92,3,0
10,24,510,0,1,41,187.1,80,31.81,286.1,77,24.32,188,107,8.46,10.4,2,2.81,1,0
38,127,408,0,0,0,155.8,91,26.49,103.7,85,8.81,117.2,125,5.27,8.6,3,2.32,2,0
23,85,510,0,0,0,232.1,130,39.46,150.7,75,12.81,253.9,77,11.43,13,3,3.51,0,0
42,15,415,1,0,0,224.3,85,38.13,166.3,79,14.14,187,117,8.41,11.7,3,3.16,1,0
29,113,408,0,1,30,208.9,87,35.51,145.2,89,12.34,198.2,77,8.92,14.9,5,4.02,2,0
13,43,415,0,0,0,184.8,114,31.42,130.6,131,11.1,175,69,7.88,8,9,2.16,0,0
30,69,415,0,0,0,243.3,101,41.36,109.2,99,9.28,176.9,138,7.96,9.3,3,2.51,0,0
6,102,510,0,0,0,214.8,60,36.52,173.8,70,14.77,166.7,90,7.5,10.9,2,2.94,1,0
18,126,510,0,0,0,184.5,56,31.37,197.7,91,16.8,242.3,74,10.9,11.2,3,3.02,2,0
20,137,415,0,0,0,84.3,98,14.33,259.5,115,22.06,197.5,115,8.89,10.3,2,2.78,2,0
39,80,408,0,0,0,142.9,70,24.29,221.6,83,18.84,121.4,111,5.46,15.2,4,4.1,1,0
15,120,415,0,1,40,222.2,80,37.77,223.1,84,18.96,164,65,7.38,12.1,3,3.27,1,0
29,103,415,0,0,0,230.2,100,39.13,174.1,100,14.8,194.1,112,8.73,9,11,2.43,2,0
44,53,415,0,1,22,76.1,115,12.94,171.2,119,14.55,246.3,126,11.08,6,2,1.62,0,0
15,115,415,1,0,0,147.7,105,25.11,184.1,68,15.65,153.5,102,6.91,12.7,5,3.43,0,0
25,93,510,0,1,23,196,91,33.32,156.3,107,13.29,200.5,68,9.02,15.3,2,4.13,1,0
16,106,510,0,0,0,160.8,73,27.34,170.4,112,14.48,249.2,131,11.21,7.2,3,1.94,1,0
1,110,415,0,0,0,198.2,92,33.69,147.1,97,12.5,199.6,76,8.98,16.5,4,4.46,4,0
20,122,415,1,0,0,168.8,86,28.7,237.6,98,20.2,204.3,94,9.19,5.3,9,1.43,1,0
26,82,415,0,0,0,273.8,99,46.55,123.8,110,10.52,147.7,61,6.65,6.9,4,1.86,2,0
13,71,415,0,0,0,217.7,114,37.01,182,105,15.47,113.5,87,5.11,8.5,10,2.3,4,0
16,109,415,0,0,0,195.4,104,33.22,204.9,91,17.42,230.2,95,10.36,14,4,3.78,0,0
48,126,510,0,1,42,247.8,96,42.13,159.1,98,13.52,201.8,73,9.08,10.6,3,2.86,2,0
0,78,408,0,0,0,89.1,124,15.15,226.6,121,19.26,249.2,88,11.21,6.9,5,1.86,0,0
27,44,510,0,0,0,189.7,122,32.25,178.9,72,15.21,244.7,93,11.01,9.8,5,2.65,0,0
18,60,510,0,0,0,190.8,100,32.44,196,85,16.66,151.7,110,6.83,9.9,9,2.67,0,0
35,101,415,0,0,0,176.5,105,30.01,198.6,136,16.88,210.2,150,9.46,7.7,5,2.08,0,0
34,147,415,0,0,0,188.3,80,32.01,214.7,123,18.25,218,89,9.81,10.2,4,2.75,2,0
12,21,510,0,0,0,197.6,105,33.59,206.4,88,17.54,169.6,143,7.63,9.6,2,2.59,3,0
4,141,415,0,0,0,208.5,129,35.45,190.3,86,16.18,144.7,93,6.51,12,9,3.24,1,0
5,87,510,0,0,0,261,83,44.37,144.2,95,12.26,284.4,119,12.8,16.3,1,4.4,4,0
14,69,415,0,0,0,209.6,94,35.63,193.1,106,16.41,239.9,90,10.8,12.4,4,3.35,0,0
37,169,408,0,0,0,157.8,96,26.83,160,120,13.6,198.8,112,8.95,13.7,6,3.7,3,0
8,102,408,0,0,0,245.4,82,41.72,260.3,124,22.13,195.1,82,8.78,10.5,3,2.84,3,1
38,174,415,0,0,0,72.2,80,12.27,173.4,81,14.74,130.1,121,5.85,11,5,2.97,2,0
25,53,510,0,0,0,100.2,85,17.03,213.8,90,18.17,299.8,67,13.49,7.7,4,2.08,3,0
42,44,510,0,1,25,152.9,106,25.99,205.5,147,17.47,247.3,107,11.13,8,5,2.16,1,0
16,89,415,0,1,15,274,83,46.58,192.2,97,16.34,125.9,141,5.67,11.9,2,3.21,0,0
42,116,415,0,0,0,215.6,127,36.65,105.5,110,8.97,291.7,80,13.13,11.2,7,3.02,3,0
27,143,415,0,0,0,178.2,109,30.29,254.6,93,21.64,241.3,139,10.86,8.5,7,2.3,0,0
29,78,415,1,1,20,252.8,102,42.98,217.6,105,18.5,107.3,93,4.83,11.2,3,3.02,0,0
16,93,415,0,0,0,216.2,100,36.75,182.8,136,15.54,237.9,66,10.71,7.8,3,2.11,2,0
26,116,408,0,0,0,133.8,88,22.75,177.1,103,15.05,185.2,106,8.33,12.4,4,3.35,2,0
21,42,415,0,0,0,217.2,122,36.92,303.2,58,25.77,147.3,114,6.63,14,4,3.78,2,0
45,173,415,0,0,0,82.1,75,13.96,201.2,95,17.1,206.7,146,9.3,9.6,2,2.59,1,0
0,80,510,0,0,0,157.1,77,26.71,302,69,25.67,317.9,159,14.31,15.6,4,4.21,0,0
14,70,510,0,1,23,205.5,95,34.94,224.3,80,19.07,196.1,76,8.82,9.7,4,2.62,1,0
40,112,510,0,0,0,172.1,73,29.26,228,136,19.38,269.4,96,12.12,14.1,3,3.81,2,0
49,186,408,0,0,0,206.8,104,35.16,286,115,24.31,153.9,112,6.93,12.4,6,3.35,0,0
5,99,408,0,0,0,193.3,51,32.86,240.1,117,20.41,145.7,92,6.56,12.2,4,3.29,1,0
26,56,415,0,0,0,225.9,52,38.4,242,69,20.57,144.5,68,6.5,11.7,3,3.16,0,0
13,135,408,0,1,38,202.6,92,34.44,169.6,93,14.42,185.8,108,8.36,11.9,6,3.21,4,0
23,83,408,0,0,0,48.4,105,8.23,139.7,86,11.87,154.1,80,6.93,11.5,4,3.11,2,0
2,48,510,0,0,0,168.6,93,28.66,246,61,20.91,269.9,102,12.15,11.4,7,3.08,1,0
46,112,415,0,1,31,142.9,92,24.29,233.8,107,19.87,329.2,142,14.81,10.4,6,2.81,0,0
46,112,510,0,0,0,85.2,102,14.48,153.2,118,13.02,142.6,107,6.42,8.2,4,2.21,1,0
9,141,408,0,0,0,77.8,123,13.23,144.4,119,12.27,75.3,65,3.39,5.7,7,1.54,1,0
10,81,510,0,0,0,139.8,98,23.77,247.2,103,21.01,241,113,10.85,11.7,3,3.16,3,0
23,165,415,0,1,17,177.9,68,30.24,153.9,112,13.08,251.2,121,11.3,10.6,7,2.86,1,0
30,70,415,0,0,0,101.9,98,17.32,193.3,113,16.43,167.5,126,7.54,15,6,4.05,1,0
3,79,415,0,0,0,157.5,90,26.78,223.8,83,19.02,241.1,98,10.85,12.2,4,3.29,1,0
23,126,415,0,0,0,167.1,138,28.41,154.4,93,13.12,244.5,148,11,13.7,10,3.7,3,0
40,77,510,0,0,0,124.1,92,21.1,214.9,131,18.27,241.3,132,10.86,13.7,3,3.7,0,0
9,72,408,0,1,31,221.4,124,37.64,313.4,96,26.64,175.9,94,7.92,11.8,1,3.19,3,0
31,142,408,0,0,0,245.1,66,41.67,144.6,109,12.29,227.3,112,10.23,3.1,4,0.84,1,0
14,110,415,0,1,37,227.9,80,38.74,101.9,141,8.66,188.1,110,8.46,5.1,6,1.38,0,0
22,88,415,0,0,0,177.8,112,30.23,226.5,80,19.25,221.8,71,9.98,7.9,4,2.13,1,0
14,43,510,0,1,39,188.3,108,32.01,167.6,116,14.25,189.9,92,8.55,15.6,5,4.21,1,0
45,144,415,0,1,26,177.1,94,30.11,206,85,17.51,254.8,95,11.47,6.6,2,1.78,2,0
34,142,408,0,0,0,128.5,95,21.85,192.6,91,16.37,79,95,3.56,9.2,6,2.48,2,0
43,158,510,0,1,22,192.9,86,32.79,219.7,104,18.67,169.3,92,7.62,10.9,3,2.94,2,0
42,78,408,0,1,28,130.5,109,22.19,173.3,99,14.73,192.2,106,8.65,10.4,3,2.81,3,0
5,131,415,0,0,0,201.1,141,34.19,216.5,93,18.4,217.4,132,9.78,11.5,4,3.11,1,0
25,61,415,0,1,38,139.8,108,23.77,58.3,120,4.96,203.4,160,9.15,9.7,1,2.62,3,0
25,73,510,0,1,6,237.6,105,40.39,244.9,98,20.82,188.3,107,8.47,6.8,11,1.84,4,0
26,100,415,0,1,26,197.7,80,33.61,232.6,83,19.77,196.7,120,8.85,12,5,3.24,1,0
27,100,510,0,0,0,222.1,115,37.76,245,130,20.83,129.3,119,5.82,8.1,2,2.19,2,0
31,103,510,0,1,29,211.6,111,35.97,237.9,84,20.22,209.4,93,9.42,14,7,3.78,2,0
47,139,510,0,0,0,148.7,90,25.28,204.3,106,17.37,144.1,105,6.48,9.8,4,2.65,2,0
15,63,510,0,0,0,81.7,105,13.89,203,66,17.26,181.2,109,8.15,12.9,3,3.48,2,0
28,115,510,0,0,0,143.6,135,24.41,278,119,23.63,46.7,84,2.1,12.7,3,3.43,0,0
18,77,415,0,0,0,205.3,69,34.9,171,84,14.54,242.4,96,10.91,10.1,2,2.73,3,0
43,14,415,0,0,0,184.5,77,31.37,272.5,103,23.16,190.3,129,8.56,9.7,3,2.62,4,0
40,81,415,0,0,0,140.8,97,23.94,211.5,109,17.98,216.9,53,9.76,12.2,4,3.29,0,0
43,113,415,0,0,0,140.8,107,23.94,252.6,87,21.47,215.4,136,9.69,9.1,4,2.46,3,0
49,77,408,0,0,0,168.1,83,28.58,202,91,17.17,173.2,91,7.79,10,3,2.7,3,0
42,125,415,0,1,25,190.1,133,32.32,181.1,61,15.39,104,110,4.68,12.5,3,3.38,2,0
30,88,408,0,0,0,192.6,96,32.74,184,92,15.64,173.6,113,7.81,8.8,6,2.38,2,0
49,89,408,0,0,0,234.8,95,39.92,109.7,87,9.32,180.3,99,8.11,10.4,2,2.81,0,0
16,40,510,0,0,0,146.4,105,24.89,196.4,143,16.69,235.6,123,10.6,9.4,3,2.54,3,0
10,124,510,0,0,0,247.2,84,42.02,161.9,130,13.76,170.3,73,7.66,6.1,6,1.65,1,0
41,83,408,0,0,0,185.9,115,31.6,232.5,98,19.76,205.2,124,9.23,10.2,2,2.75,2,0
16,7,408,0,0,0,98.5,85,16.75,200.3,80,17.03,252.3,68,11.35,12,7,3.24,2,0
6,104,415,0,0,0,304,141,51.68,264.1,127,22.45,138.1,104,6.21,7.2,4,1.94,0,1
20,128,415,0,0,0,140.3,108,23.85,235.3,111,20,200.8,57,9.04,11.8,6,3.19,1,0
40,76,415,0,0,0,201.5,127,34.26,155.2,91,13.19,249.6,103,11.23,8.6,1,2.32,2,0
23,135,415,0,0,0,191.7,125,32.59,284.2,100,24.16,211.7,87,9.53,12.5,2,3.38,0,0
3,111,510,0,1,33,168.1,97,28.58,204,88,17.34,260.9,97,11.74,15.1,3,4.08,1,0
45,110,415,0,0,0,178.4,110,30.33,179.1,116,15.22,228.1,99,10.26,6.5,4,1.76,1,0
31,173,415,1,1,18,127.2,89,21.62,130.7,114,11.11,229.7,115,10.34,11.2,5,3.02,2,0
8,60,510,0,0,0,230.7,66,39.22,165.4,65,14.06,309.1,139,13.91,13.3,10,3.59,1,0
33,117,408,0,0,0,228.3,84,38.81,152.6,92,12.97,309.7,101,13.94,3.7,3,1,3,0
29,54,408,0,0,0,197.7,84,33.61,221.3,89,18.81,189.4,109,8.52,7.8,3,2.11,2,0
36,76,415,0,1,35,273.7,94,46.53,153.3,101,13.03,259,109,11.66,3.8,3,1.03,0,0
7,167,510,0,1,30,195.8,118,33.29,166.4,109,14.14,297.4,84,13.38,11.7,2,3.16,0,0
25,98,415,0,0,0,190.5,106,32.39,164.2,92,13.96,110.8,88,4.99,11.4,5,3.08,2,0
20,74,408,0,0,0,176.1,79,29.94,208.3,105,17.71,237.5,86,10.69,16.1,4,4.35,4,0
6,112,415,0,0,0,210.4,78,35.77,172.4,75,14.65,240,105,10.8,11.7,3,3.16,2,0
41,138,415,0,1,28,151,59,25.67,269.5,122,22.91,179.4,116,8.07,8.9,9,2.4,0,0
26,65,415,0,0,0,144.3,109,24.53,331.3,89,28.16,155.3,69,6.99,11.8,15,3.19,3,0
28,194,408,0,1,42,203.7,109,34.63,192.9,125,16.4,318,81,14.31,10.8,16,2.92,3,0
14,78,415,0,1,27,121.9,88,20.72,225.4,75,19.16,90.8,118,4.09,13,4,3.51,3,0
40,115,408,0,1,30,181.2,65,30.8,193.2,62,16.42,153.2,92,6.89,9.9,6,2.67,2,0
16,99,415,0,0,0,201.5,103,34.26,124.2,120,10.56,239.9,56,10.8,11.5,3,3.11,0,0
23,120,415,0,0,0,146,58,24.82,208.7,103,17.74,215.5,91,9.7,11.9,2,3.21,0,0
50,112,415,0,0,0,105.3,101,17.9,187.2,92,15.91,206.4,101,9.29,11.1,2,3,4,1
1,1,510,0,1,26,69.7,84,11.85,250.4,79,21.28,230.2,122,10.36,8.3,3,2.24,2,0
29,94,415,0,0,0,208.1,72,35.38,188,79,15.98,162,96,7.29,4.6,5,1.24,2,0
4,86,415,0,1,25,126.4,97,21.49,189.7,118,16.12,233.6,97,10.51,12,2,3.24,1,0
10,18,510,0,0,0,180.2,115,30.63,83.4,114,7.09,245.3,111,11.04,11.9,6,3.21,1,0
13,49,415,0,0,0,172,142,29.24,224,100,19.04,177.3,86,7.98,7.4,1,2,0,0
14,20,415,0,1,27,231.6,105,39.37,223.3,120,18.98,212,99,9.54,8.9,4,2.4,1,0
36,131,415,0,1,29,42.1,114,7.16,183.3,70,15.58,158.7,82,7.14,10,1,2.7,0,0
15,11,415,0,0,0,136.6,111,23.22,80.6,78,6.85,201.7,77,9.08,9.9,4,2.67,0,0
16,61,415,0,0,0,234.6,126,39.88,200.7,76,17.06,171.1,81,7.7,8.1,2,2.19,0,0
48,49,510,0,1,42,159,67,27.03,126.3,125,10.74,206.8,88,9.31,7.4,3,2,2,0
24,83,408,0,0,0,286.6,114,48.72,101,138,8.59,199.6,146,8.98,13.2,4,3.56,1,0
24,192,510,0,0,0,174.5,83,29.67,232.7,102,19.78,101.5,68,4.57,12.4,4,3.35,1,0
28,105,408,0,0,0,181.9,70,30.92,233.5,83,19.85,194.6,80,8.76,8.1,9,2.19,1,0
32,124,408,0,0,0,192.6,108,32.74,223.3,106,18.98,187,84,8.41,4.2,2,1.13,1,0
32,90,408,0,0,0,235,77,39.95,267.3,94,22.72,222.1,119,9.99,5.3,4,1.43,3,1
26,111,415,0,0,0,187.8,107,31.93,246,70,20.91,175.9,88,7.92,10.5,7,2.84,0,0
50,135,408,0,0,0,167.1,105,28.41,131.6,120,11.19,242.6,83,10.92,10.4,2,2.81,3,0
35,121,415,0,1,22,212.3,107,36.09,238,94,20.23,332.8,114,14.98,10.4,2,2.81,1,0
4,57,415,1,0,0,227.4,94,38.66,146.4,115,12.44,211.4,92,9.51,8.3,5,2.24,1,0
2,97,510,0,0,0,164.2,97,27.91,232.2,85,19.74,198.8,118,8.95,6.5,3,1.76,1,0
29,93,510,1,0,0,172.4,133,29.31,205.6,77,17.48,245.8,126,11.06,9.1,9,2.46,1,0
23,97,415,0,0,0,259.6,138,44.13,233.9,91,19.88,140.6,119,6.33,13,4,3.51,1,0
47,134,408,0,1,10,159.4,79,27.1,91,94,7.74,199.5,137,8.98,10,3,2.7,2,0
7,57,510,0,1,37,69.5,94,11.82,220.9,76,18.78,218.5,113,9.83,11.9,3,3.21,0,0
47,109,415,1,0,0,166.5,101,28.31,268.4,119,22.81,126.2,112,5.68,10.2,3,2.75,3,0
33,66,415,0,1,21,134.4,110,22.85,136.2,104,11.58,215.6,105,9.7,9.7,4,2.62,3,0
39,162,408,0,1,21,205.2,128,34.88,231.7,128,19.69,180.3,100,8.11,10.6,3,2.86,2,0
11,115,415,0,1,26,132.3,142,22.49,273.4,89,23.24,195.7,77,8.81,14.8,7,4,0,0
0,132,415,0,0,0,140.3,144,23.85,294.8,89,25.06,153.5,126,6.91,11.7,4,3.16,2,0
47,152,415,0,0,0,284.6,113,48.38,141.8,101,12.05,127.4,78,5.73,12.6,5,3.4,0,0
44,86,415,0,1,29,189.3,107,32.18,221.3,101,18.81,325.6,137,14.65,13.8,3,3.73,1,0
2,36,415,0,0,0,184.6,132,31.38,193.7,69,16.46,283.5,83,12.76,5.9,3,1.59,1,0
9,118,415,0,0,0,161.6,96,27.47,223.9,113,19.03,240.6,137,10.83,6.8,2,1.84,0,0
0,137,510,0,1,20,268.5,91,45.65,128.8,121,10.95,146.4,98,6.59,12.7,6,3.43,1,0
31,164,415,0,0,0,215.6,90,36.65,171.6,99,14.59,110.4,105,4.97,11.3,6,3.05,1,0
3,80,408,0,1,22,182.8,142,31.08,229.3,111,19.49,313.8,85,14.12,11.3,2,3.05,1,0
13,126,415,0,0,0,120,82,20.4,213.6,111,18.16,312.9,136,14.08,7.5,6,2.03,1,0
45,138,408,0,0,0,138.7,124,23.58,280.3,64,23.83,206.7,98,9.3,10.4,4,2.81,1,0
24,101,408,0,0,0,189,122,32.13,179.2,91,15.23,186.8,170,8.41,11.1,6,3,0,0
40,147,408,0,0,0,134.6,91,22.88,175.1,83,14.88,201.1,114,9.05,8.9,3,2.4,0,0
29,58,408,0,0,0,181.4,106,30.84,145.8,77,12.39,200.3,85,9.01,7.9,3,2.13,0,0
36,35,510,0,1,23,194.6,106,33.08,199.8,132,16.98,189.6,88,8.53,10.1,7,2.73,4,0
42,163,415,0,1,39,268.1,104,45.58,216.6,65,18.41,359.9,118,16.2,11.4,4,3.08,0,0
33,103,408,0,0,0,205.2,74,34.88,200.8,97,17.07,251.1,94,11.3,11.2,1,3.02,1,0
20,44,408,0,0,0,213.2,85,36.24,224,128,19.04,137.8,74,6.2,12.5,5,3.38,1,0
42,75,510,0,0,0,192,106,32.64,140.4,97,11.93,190.1,94,8.55,7.6,5,2.05,2,0
35,126,510,0,0,0,181.7,102,30.89,216.3,114,18.39,317.9,83,14.31,12.4,6,3.35,1,0
10,104,408,0,0,0,191.8,105,32.61,148.7,96,12.64,234.8,123,10.57,19.3,4,5.21,1,0
32,99,408,0,1,21,180.2,97,30.63,167.7,47,14.25,203.1,84,9.14,14.6,5,3.94,2,0
42,119,408,0,0,0,215.1,105,36.57,249.4,104,21.2,249.9,83,11.25,10.8,8,2.92,2,0
10,51,415,0,1,43,158.2,94,26.89,213.2,105,18.12,190.4,91,8.57,8.5,2,2.3,2,0
16,108,415,0,0,0,221.8,105,37.71,108.2,107,9.2,207.1,87,9.32,12.1,3,3.27,2,0
14,154,415,0,1,14,183,113,31.11,187,144,15.9,181.1,112,8.15,10.2,3,2.75,1,0
26,171,510,0,0,0,221.5,103,37.66,109.5,58,9.31,134.6,115,6.06,11.6,4,3.13,1,0
10,33,415,0,0,0,228.1,77,38.78,176.3,102,14.99,224.5,119,10.1,7.5,1,2.03,0,0
17,65,415,0,1,21,135.1,120,22.97,238.4,90,20.26,286.4,93,12.89,11,9,2.97,4,0
12,95,415,0,1,35,238.3,86,40.51,258.1,132,21.94,194.9,72,8.77,13.1,4,3.54,5,0
16,47,415,0,1,28,196.2,88,33.35,194.8,106,16.56,243,103,10.93,10.5,10,2.84,0,0
46,104,415,0,0,0,174.1,97,29.6,174.6,104,14.84,182.7,158,8.22,9.3,4,2.51,3,0
32,173,408,0,0,0,154.6,81,26.28,147.3,100,12.52,132.9,99,5.98,6.9,5,1.86,0,0
49,98,415,1,1,20,186.2,112,31.65,145.3,65,12.35,142.8,104,6.43,10.9,4,2.94,3,0
36,81,415,0,0,0,176.1,113,29.94,162,80,13.77,160.9,83,7.24,11.9,4,3.21,1,0
43,70,408,0,0,0,156.6,82,26.62,193.1,112,16.41,179.8,108,8.09,12.6,1,3.4,1,0
19,63,415,0,1,19,163,75,27.71,238.4,103,20.26,171.8,100,7.73,11.3,3,3.05,3,0
36,32,415,0,0,0,103.6,78,17.61,238.5,115,20.27,186.9,70,8.41,11,4,2.97,2,0
11,111,415,0,0,0,162.1,98,27.56,217.6,87,18.5,264.1,107,11.88,7.7,1,2.08,0,0
18,96,415,0,0,0,149.2,125,25.36,210.6,119,17.9,290.5,102,13.07,9.4,3,2.54,4,0
29,182,408,0,1,24,215.2,73,36.58,133.1,85,11.31,205.1,79,9.23,10.9,7,2.94,0,0
39,84,408,1,1,18,136.8,114,23.26,200.3,110,17.03,199,86,8.96,8,4,2.16,3,0
3,79,415,0,1,12,62.4,119,10.61,237.6,96,20.2,193.4,116,8.7,7.8,2,2.11,0,0
29,68,415,0,1,41,226,113,38.42,149.8,115,12.73,184.9,88,8.32,11.5,2,3.11,2,0
22,129,408,0,0,0,52.2,93,8.87,128.8,117,10.95,141.7,63,6.38,9.4,12,2.54,1,0
12,70,415,0,0,0,205.7,80,34.97,221.4,103,18.82,206.2,117,9.28,14.2,5,3.83,2,0
17,44,415,0,1,20,184.8,105,31.42,195,169,16.58,130.1,121,5.85,11.6,3,3.13,1,0
23,38,415,0,0,0,228.3,129,38.81,141.9,83,12.06,268.6,116,12.09,9.7,3,2.62,2,0
1,170,408,0,0,0,215.4,94,36.62,138.2,97,11.75,237.1,117,10.67,12.5,5,3.38,1,0
42,59,415,0,0,0,163.5,107,27.8,187.1,91,15.9,179.1,100,8.06,10.3,1,2.78,2,0
23,112,510,0,1,22,244.7,104,41.6,203.1,88,17.26,222,84,9.99,7.4,6,2,0,0
24,152,408,0,0,0,216.7,70,36.84,152.7,102,12.98,181.2,99,8.15,11.6,6,3.13,1,0
39,108,415,0,1,15,196.8,79,33.46,173.5,99,14.75,274.7,108,12.36,14.6,5,3.94,1,0
32,57,415,0,1,23,208.7,57,35.48,233.4,132,19.84,108.8,117,4.9,9.1,5,2.46,1,0
20,112,408,0,0,0,168.4,53,28.63,187.5,68,15.94,204.5,125,9.2,9.8,3,2.65,1,0
30,100,415,0,0,0,129.4,69,22,251.3,73,21.36,157.1,92,7.07,10.4,3,2.81,1,0
16,42,510,1,0,0,260.9,94,44.35,152.8,123,12.99,212.6,94,9.57,11.1,4,3,1,0
43,132,415,0,0,0,172.7,90,29.36,344,62,29.24,301.6,113,13.57,5.5,4,1.49,0,0
35,137,408,1,0,0,159.1,80,27.05,239.8,81,20.38,249,96,11.21,8.5,5,2.3,0,0
42,81,415,0,1,17,145.7,89,24.77,202.9,70,17.25,212.4,92,9.56,9.5,5,2.57,1,0
13,135,408,0,0,0,129.4,104,22,199,96,16.92,142.4,81,6.41,12.3,4,3.32,1,0
3,102,510,0,0,0,171.5,77,29.16,261,107,22.19,328.8,72,14.8,10.2,1,2.75,0,0
17,37,510,0,1,33,225.7,133,38.37,223.9,115,19.03,192.7,131,8.67,11.2,5,3.02,3,0
0,72,408,0,0,0,153.8,64,26.15,304.4,106,25.87,185,125,8.32,8.4,5,2.27,1,0
8,155,415,0,0,0,250.5,89,42.59,146.1,84,12.42,164.2,60,7.39,8.4,3,2.27,1,0
48,124,408,0,0,0,282.8,108,48.08,246.3,89,20.94,256.4,96,11.54,10.3,1,2.78,3,1
37,91,510,0,0,0,142.6,90,24.24,286.8,102,24.38,222.2,113,10,14.8,3,4,0,0
42,74,510,0,0,0,154.3,71,26.23,262.3,105,22.3,235.3,99,10.59,13.9,4,3.75,0,0
50,142,415,0,0,0,108.1,81,18.38,146.9,115,12.49,197.6,84,8.89,9,7,2.43,1,0
34,61,415,0,1,31,252.1,98,42.86,215.7,149,18.33,135.7,117,6.11,5.1,4,1.38,2,0
49,82,408,0,0,0,217.6,82,36.99,169.4,101,14.4,248.9,124,11.2,12.7,3,3.43,0,0
41,142,415,0,1,22,198.3,144,33.71,157.2,96,13.36,180.9,114,8.14,11.1,4,3,2,0
39,27,415,0,1,32,190.3,97,32.35,279,77,23.72,133.8,117,6.02,8.4,3,2.27,2,0
19,165,408,0,1,23,184.7,63,31.4,168,62,14.28,176.1,125,7.92,8.7,5,2.35,1,0
7,33,510,0,1,16,125.1,56,21.27,246.6,140,20.96,235.4,109,10.59,12.1,2,3.27,0,0
7,55,510,0,0,0,181.3,100,30.82,200.5,122,17.04,226.9,99,10.21,10.9,2,2.94,1,0
37,96,510,1,0,0,99.8,101,16.97,253.6,83,21.56,112.5,75,5.06,7.5,6,2.03,0,0
18,115,408,0,0,0,254.8,97,43.32,153.5,110,13.05,217.6,117,9.79,9,4,2.43,1,0
14,50,408,0,0,0,167.7,74,28.51,179.9,98,15.29,166.5,73,7.49,10.9,2,2.94,1,0
5,137,510,0,0,0,79.5,121,13.52,164.1,86,13.95,121.8,108,5.48,11.7,7,3.16,2,0
40,84,415,0,0,0,214.9,72,36.53,197.7,92,16.8,153.1,79,6.89,11.9,2,3.21,2,0
23,42,408,0,0,0,269.9,99,45.88,37.8,76,3.21,166.6,139,7.5,13.8,1,3.73,1,0
23,112,408,0,0,0,351.5,95,59.76,206.8,108,17.58,275.8,146,12.41,11.9,4,3.21,1,1
11,43,415,0,0,0,165.8,96,28.19,132,105,11.22,323.2,62,14.54,10.7,6,2.89,0,0
43,150,415,0,1,24,195.7,108,33.27,208.8,110,17.75,177,84,7.97,11.7,2,3.16,2,0
38,92,408,0,0,0,250.6,100,42.6,41.7,94,3.54,186.2,100,8.38,9.7,6,2.62,2,0
40,68,510,0,0,0,141.9,112,24.12,166.2,94,14.13,223.5,77,10.06,9.2,6,2.48,1,0
14,159,510,0,0,0,168.5,80,28.65,203.9,119,17.33,199.1,126,8.96,8.1,2,2.19,1,0
33,158,415,0,1,19,127.6,88,21.69,235.2,82,19.99,195,87,8.78,10.1,3,2.73,0,0
48,54,415,0,1,28,217.4,98,36.96,246.2,120,20.93,127,92,5.72,7.5,8,2.03,1,0
49,111,415,0,1,23,87.7,91,14.91,218.3,118,18.56,173.1,87,7.79,12.3,4,3.32,1,0
20,119,415,0,1,32,186.4,75,31.69,206.9,92,17.59,150.6,80,6.78,12.1,2,3.27,1,0
26,74,415,0,0,0,180,110,30.6,212.9,100,18.1,182.3,95,8.2,11.8,10,3.19,0,0
17,118,408,0,0,0,232.4,92,39.51,191,68,16.24,213,138,9.58,7.7,4,2.08,1,0
27,133,510,0,0,0,172.2,81,29.27,214.9,123,18.27,184.3,90,8.29,11.1,6,3,3,0
49,49,408,0,0,0,260.9,88,44.35,174.2,103,14.81,262.8,98,11.83,10.6,4,2.86,1,0
37,188,408,0,0,0,231.1,92,39.29,182.4,93,15.5,227.2,89,10.22,9.8,5,2.65,4,0
0,174,415,0,0,0,187.4,74,31.86,144.6,142,12.29,235.7,102,10.61,10.2,1,2.75,1,0
6,98,415,1,0,0,172.5,118,29.33,198.5,107,16.87,230.2,105,10.36,12.6,3,3.4,1,0
18,105,408,0,0,0,141.8,85,24.11,191.3,101,16.26,133.6,126,6.01,10.9,3,2.94,1,0
4,117,415,1,0,0,158.1,101,26.88,315.1,96,26.78,176.1,108,7.92,13.9,2,3.75,3,1
23,65,415,0,0,0,97.9,138,16.64,173,102,14.71,262.2,92,11.8,9.2,4,2.48,1,0
23,114,408,0,0,0,206.3,113,35.07,223.5,97,19,234.3,119,10.54,8.1,6,2.19,2,0
28,127,415,0,1,24,211.5,121,35.96,183.9,115,15.63,186.2,103,8.38,13.5,1,3.65,3,0
6,123,408,0,1,41,141.3,127,24.02,152,96,12.92,218.8,114,9.85,8.1,3,2.19,3,0
24,116,415,0,0,0,119,94,20.23,144.3,110,12.27,199.7,65,8.99,8.8,5,2.38,2,0
16,107,415,0,0,0,260.6,81,44.3,246.1,116,20.92,243.3,117,10.95,12.8,9,3.46,0,1
6,110,415,0,0,0,149.2,128,25.36,112.8,101,9.59,156.3,111,7.03,12.2,4,3.29,1,0
8,29,415,0,0,0,163.7,109,27.83,207.3,88,17.62,266.2,101,11.98,10.4,2,2.81,1,0
40,76,415,0,0,0,223,109,37.91,218.7,97,18.59,138.6,126,6.24,11.6,8,3.13,2,0
7,115,408,0,0,0,200.2,115,34.03,268.8,109,22.85,185.4,102,8.34,12.8,2,3.46,3,0
1,68,415,0,0,0,248.6,59,42.26,199.1,126,16.92,112.5,117,5.06,6.5,3,1.76,2,0
33,63,415,0,1,26,214.2,80,36.41,253,152,21.51,156.4,109,7.04,10.3,2,2.78,2,0
27,69,415,0,0,0,245.6,128,41.75,173,101,14.71,111.8,118,5.03,14.2,7,3.83,2,0
25,97,408,0,0,0,238.6,85,40.56,203.3,75,17.28,180.5,127,8.12,16.2,8,4.37,0,0
31,108,510,1,0,0,86.1,97,14.64,227.9,101,19.37,225.8,102,10.16,9.1,3,2.46,3,0
45,79,415,0,0,0,161.6,94,27.47,187.5,110,15.94,220.8,71,9.94,10.3,7,2.78,2,0
10,114,415,0,0,0,209.2,127,35.56,165.3,93,14.05,196.8,98,8.86,10.6,8,2.86,3,0
35,90,510,0,1,19,214,57,36.38,245.3,105,20.85,205.6,68,9.25,10.3,2,2.78,1,0
23,82,415,0,1,33,247.4,106,42.06,167.1,110,14.2,207.6,113,9.34,6.8,1,1.84,5,0
49,122,415,0,1,21,196,104,33.32,194.7,73,16.55,150.8,92,6.79,9.6,4,2.59,0,0
41,73,415,0,1,33,129.8,112,22.07,225.3,96,19.15,262.5,104,11.81,8.6,3,2.32,1,0
20,100,408,0,0,0,239.1,96,40.65,180.1,110,15.31,259.2,112,11.66,14,2,3.78,0,0
30,112,408,0,0,0,135.7,34,23.07,243,99,20.66,209.3,115,9.42,12.2,8,3.29,1,0
9,120,415,0,1,31,211,117,35.87,238.7,77,20.29,184.5,99,8.3,14,8,3.78,1,0
6,95,510,0,0,0,135.2,93,22.98,285.9,123,24.3,228.1,112,10.26,10,2,2.7,3,0
19,102,510,0,1,29,158.2,132,26.89,250.6,47,21.3,219.3,86,9.87,15.1,4,4.08,1,0
18,104,415,0,0,0,153.7,86,26.13,160.3,78,13.63,176.6,140,7.95,9.6,8,2.59,1,0
4,184,415,0,0,0,237.6,86,40.39,157,105,13.35,163.6,103,7.36,14.2,2,3.83,2,0
44,29,510,0,0,0,182.1,92,30.96,180.4,91,15.33,206.4,128,9.29,7.2,2,1.94,2,0
18,5,408,0,0,0,198.7,108,33.78,146.7,86,12.47,216.8,95,9.76,9.5,3,2.57,2,0
24,58,408,0,1,47,151.1,117,25.69,137.4,103,11.68,172.6,99,7.77,9.2,8,2.48,1,0
44,165,510,0,0,0,195.2,84,33.18,229.5,116,19.51,185.3,147,8.34,11.9,3,3.21,0,0
18,156,510,0,0,0,81.7,133,13.89,242.5,117,20.61,203.8,112,9.17,12.3,6,3.32,3,0
35,132,415,1,1,18,130.7,86,22.22,186.1,98,15.82,204.8,103,9.22,11.9,6,3.21,0,0
26,115,415,0,0,0,265.9,112,45.2,132.9,94,11.3,185.2,106,8.33,14.6,7,3.94,1,0
45,109,510,1,0,0,186.5,106,31.71,190.3,103,16.18,168.5,128,7.58,10.5,6,2.84,2,0
6,148,408,0,0,0,249.7,91,42.45,185.1,90,15.73,234.2,88,10.54,10.5,1,2.84,1,0
45,135,510,0,0,0,204.1,116,34.7,150.2,74,12.77,108.1,154,4.86,8.1,1,2.19,2,0
49,87,510,0,1,24,135.8,108,23.09,251.4,62,21.37,181.5,91,8.17,6.4,4,1.73,0,0
39,26,510,0,0,0,83.2,93,14.14,199.5,64,16.96,242.6,112,10.92,10.7,4,2.89,1,0
7,78,415,0,0,0,211.4,105,35.94,249.9,77,21.24,199.6,129,8.98,9.3,2,2.51,2,0
41,78,510,0,0,0,185.8,102,31.59,251.6,88,21.39,202.8,86,9.13,13.3,6,3.59,2,0
32,121,415,0,0,0,123.6,113,21.01,229.4,85,19.5,242.9,97,10.93,10.3,4,2.78,0,0
16,101,415,0,0,0,202.5,91,34.43,142.5,134,12.11,219.6,102,9.88,10.1,4,2.73,3,0
4,90,510,0,0,0,169.4,127,28.8,157.2,111,13.36,172.4,103,7.76,10.7,2,2.89,1,0
19,83,415,0,0,0,135.2,76,22.98,161,98,13.69,129.3,105,5.82,9,6,2.43,0,0
50,81,408,0,0,0,125.1,103,21.27,209.6,103,17.82,186.2,78,8.38,11.8,1,3.19,1,0
12,134,415,0,0,0,199.7,107,33.95,205.8,86,17.49,198.8,125,8.95,8.3,5,2.24,0,0
12,48,408,0,0,0,247.6,114,42.09,172.3,110,14.65,264.4,107,11.9,7.1,3,1.92,1,0
26,185,415,0,0,0,158.5,93,26.95,294.7,69,25.05,146.2,116,6.58,16.6,3,4.48,0,0
26,91,510,0,1,39,160.8,97,27.34,119.3,54,10.14,147.9,101,6.66,10.3,3,2.78,3,0
2,90,408,0,1,31,118.5,92,20.15,257.9,76,21.92,186.2,96,8.38,9,6,2.43,1,0
20,159,415,0,0,0,181,107,30.77,188.4,114,16.01,175.8,41,7.91,9.9,4,2.67,7,0
13,103,510,0,1,40,140.3,52,23.85,245.6,114,20.88,111.7,86,5.03,11.1,6,3,1,0
6,104,510,0,0,0,111.9,105,19.02,197.7,121,16.8,302.8,108,13.63,10.1,5,2.73,1,0
7,82,415,0,0,0,120.5,107,20.49,176.3,124,14.99,258,121,11.61,10.5,5,2.84,0,0
27,76,510,0,0,0,156.3,117,26.57,115.7,53,9.83,316.4,121,14.24,6.8,4,1.84,1,0
41,88,408,0,0,0,242.4,89,41.21,161.4,89,13.72,142.4,95,6.41,5.4,2,1.46,1,0
23,118,408,0,0,0,178.4,81,30.33,182.7,119,15.53,251.4,109,11.31,10.8,2,2.92,1,0
37,167,415,0,0,0,94.9,114,16.13,315.8,105,26.84,181,71,8.15,10.8,6,2.92,0,0
13,138,408,0,0,0,182,101,30.94,200.3,119,17.03,208.9,131,9.4,13.4,3,3.62,4,0
28,87,415,0,0,0,176.6,83,30.02,221.6,101,18.84,185.3,89,8.34,9.4,1,2.54,0,0
35,69,408,0,0,0,198.8,141,33.8,203.7,110,17.31,177.1,109,7.97,15.2,2,4.1,4,0
16,164,408,1,1,28,156.1,98,26.54,209.9,140,17.84,190,69,8.55,11.4,4,3.08,0,0
13,109,510,0,0,0,150.6,106,25.6,147.4,108,12.53,173.2,109,7.79,9.5,5,2.57,1,0
45,53,510,0,0,0,198.3,100,33.71,304.2,93,25.86,131.5,85,5.92,9.2,5,2.48,2,0
43,124,408,0,0,0,156.9,74,26.67,195.8,82,16.64,181,99,8.15,8.8,2,2.38,1,0
16,73,408,0,0,0,67,76,11.39,223,154,18.96,236.5,151,10.64,11.2,2,3.02,1,0
46,94,415,0,0,0,261.3,89,44.42,152.4,139,12.95,120.2,124,5.41,10.5,2,2.84,0,0
26,80,415,0,0,0,135.1,92,22.97,185,103,15.73,147.1,74,6.62,14.7,5,3.97,3,0
2,101,415,1,0,0,92.1,109,15.66,163,83,13.86,133.3,102,6,9.7,11,2.62,2,0
9,115,408,0,0,0,173.5,121,29.5,168.3,100,14.31,138.3,105,6.22,7.8,5,2.11,1,0
10,100,415,1,0,0,156.3,82,26.57,259.4,91,22.05,143.7,93,6.47,8.3,7,2.24,5,0
49,92,408,1,0,0,183.6,96,31.21,149.7,55,12.72,135.2,71,6.08,11.8,4,3.19,0,0
31,102,408,0,0,0,167.1,80,28.41,222.9,94,18.95,179.9,103,8.1,11.6,3,3.13,5,0
12,134,408,0,0,0,177.1,120,30.11,218.1,123,18.54,183.8,93,8.27,12.7,5,3.43,3,0
44,96,415,0,0,0,217.8,120,37.03,139.6,109,11.87,227.7,111,10.25,11.6,3,3.13,0,0
15,42,510,0,0,0,143.7,96,24.43,221,98,18.79,108.9,94,4.9,8.6,1,2.32,2,0
30,175,415,0,0,0,185,104,31.45,325.8,86,27.69,85.4,105,3.84,14.6,2,3.94,1,0
47,52,510,0,0,0,153.7,100,26.13,174.2,139,14.81,242.3,53,10.9,14.1,3,3.81,1,0
21,182,415,0,0,0,160.3,87,27.25,229.9,101,19.54,185.3,96,8.34,8.7,11,2.35,2,0
1,138,408,0,1,12,114.5,100,19.47,175.1,130,14.88,112.7,85,5.07,7.8,5,2.11,0,0
16,130,510,0,0,0,140.9,68,23.95,217.5,109,18.49,123.6,96,5.56,13.6,4,3.67,3,0
2,106,510,0,0,0,168.4,85,28.63,123.3,95,10.48,162.5,83,7.31,4.6,4,1.24,3,0
13,89,415,0,0,0,94.5,107,16.07,191.8,85,16.3,196.2,131,8.83,15,5,4.05,1,0
48,45,415,0,0,0,135,116,22.95,159,108,13.52,170.3,130,7.66,11.1,15,3,1,0
27,4,408,0,1,31,158.3,99,26.91,164.2,98,13.96,192.7,108,8.67,12.5,3,3.38,2,0
9,161,408,0,0,0,252.3,120,42.89,243.8,98,20.72,284.4,96,12.8,9.2,2,2.48,1,1
20,116,415,0,0,0,255.5,93,43.44,224.4,122,19.07,317.3,85,14.28,12.7,4,3.43,1,1
15,39,510,0,0,0,185,113,31.45,106.5,125,9.05,167.3,78,7.53,12,2,3.24,0,0
49,118,415,0,0,0,142.2,96,24.17,164.9,107,14.02,183.7,92,8.27,7.1,4,1.92,1,0
31,57,415,0,0,0,140,100,23.8,174.7,102,14.85,258.5,111,11.63,13.3,4,3.59,1,0
42,138,415,0,0,0,157.5,96,26.78,271.7,107,23.09,138.2,84,6.22,10.7,6,2.89,2,0
46,98,415,0,0,0,237.5,130,40.38,213.2,85,18.12,194.1,107,8.73,10.1,3,2.73,0,0
12,77,415,0,0,0,215.5,81,36.64,170.9,100,14.53,170.3,59,7.66,10.3,3,2.78,1,0
20,99,408,0,1,12,119.9,83,20.38,237.7,98,20.2,187.6,159,8.44,16.6,2,4.48,1,0
47,32,510,0,0,0,230.7,122,39.22,204.7,134,17.4,142,86,6.39,8.7,3,2.35,2,0
35,131,415,0,0,0,131.3,39,22.32,242.9,101,20.65,278.8,100,12.55,8.5,2,2.3,2,0
24,100,415,0,0,0,167.2,100,28.42,141.2,87,12,251.3,76,11.31,6.1,6,1.65,3,0
29,99,408,0,0,0,130.4,121,22.17,219.9,103,18.69,84.1,85,3.78,9.8,3,2.65,2,0
8,122,415,0,0,0,184.6,88,31.38,148.8,98,12.65,309.7,58,13.94,14.3,2,3.86,3,0
9,31,415,0,0,0,224.5,96,38.17,191.2,72,16.25,214.5,100,9.65,9.1,1,2.46,2,0
20,114,415,0,0,0,247.8,95,42.13,255.1,98,21.68,224.1,105,10.08,9.5,6,2.57,1,1
18,47,415,1,0,0,177.1,104,30.11,217.4,97,18.48,191.8,131,8.63,9.7,5,2.62,2,0
39,77,415,0,0,0,134.5,119,22.87,119.7,104,10.17,250.7,112,11.28,9.3,5,2.51,0,0
17,39,510,0,1,38,201.8,66,34.31,200.1,87,17.01,173.7,112,7.82,9.5,3,2.57,0,0
20,193,415,0,0,0,180.5,114,30.69,117.9,80,10.02,192.9,97,8.68,10.2,4,2.75,2,0
14,103,415,0,1,40,164.5,95,27.97,228.7,82,19.44,194.7,97,8.76,7.4,1,2,4,0
33,87,415,0,0,0,221.4,69,37.64,195.2,53,16.59,120.6,91,5.43,13.7,4,3.7,1,0
35,1,510,0,0,0,241.5,114,41.06,195.2,94,16.59,201.6,93,9.07,14.1,3,3.81,3,0
17,62,415,0,0,0,116.5,77,19.81,186.1,111,15.82,180.6,72,8.13,16.1,2,4.35,3,0
48,112,415,0,0,0,158.1,107,26.88,181.5,101,15.43,200.3,126,9.01,8.3,7,2.24,1,0
14,141,415,0,0,0,215.8,79,36.69,112.7,85,9.58,221.8,109,9.98,5.6,4,1.51,2,0
26,55,415,0,1,28,222.5,134,37.83,177.8,106,15.11,194.6,90,8.76,9.7,4,2.62,2,0
43,127,415,0,0,0,264.5,75,44.97,179.2,91,15.23,141.9,93,6.39,8,1,2.16,1,0
3,82,510,0,1,23,123.7,93,21.03,139.1,74,11.82,174.5,118,7.85,10.6,2,2.86,1,0
14,69,415,0,0,0,244.8,76,41.62,77.2,100,6.56,222.8,102,10.03,10,3,2.7,0,0
18,131,415,0,0,0,212.8,108,36.18,212,115,18.02,235.9,96,10.62,9.8,11,2.65,0,0
0,87,510,0,0,0,297.4,63,50.56,118.4,108,10.06,242.3,72,10.9,11,2,2.97,2,1
20,63,415,0,0,0,147.8,95,25.13,201.4,72,17.12,154.9,118,6.97,8.6,8,2.32,1,0
22,124,408,1,1,29,187.1,75,31.81,148.5,142,12.62,214.4,124,9.65,5.5,7,1.49,2,0
40,148,408,0,0,0,236.5,84,40.21,236,95,20.06,228.6,124,10.29,8.3,6,2.24,2,0
16,68,415,0,0,0,186.5,108,31.71,190.2,107,16.17,187.8,103,8.45,11,5,2.97,1,0
6,72,415,1,0,0,286.1,101,48.64,306.1,94,26.02,232.8,89,10.48,10.3,1,2.78,4,1
6,119,510,0,0,0,107.2,100,18.22,221.1,100,18.79,212.6,96,9.57,8.3,3,2.24,2,0
16,43,415,0,1,36,93.1,68,15.83,246.1,83,20.92,94.9,109,4.27,8.7,8,2.35,1,0
5,97,510,0,0,0,80.7,99,13.72,262.3,93,22.3,214.6,130,9.66,8.8,3,2.38,0,0
30,149,415,0,0,0,114.5,103,19.47,228.8,100,19.45,135.8,74,6.11,10.7,3,2.89,0,0
40,77,415,0,0,0,184.7,130,31.4,194,105,16.49,249.1,91,11.21,9,4,2.43,1,0
31,110,415,0,0,0,94.1,127,16,283,97,24.06,168.7,69,7.59,10.3,6,2.78,2,0
21,155,510,0,0,0,223.8,109,38.05,233.4,68,19.84,201.6,111,9.07,8.8,8,2.38,1,0
23,83,415,0,0,0,167,120,28.39,209.1,102,17.77,131,107,5.9,8.6,2,2.32,1,0
4,94,510,0,0,0,154.8,113,26.32,261.8,121,22.25,213,81,9.58,11.6,5,3.13,0,0
13,92,415,0,0,0,160.5,113,27.29,287.3,134,24.42,212.6,93,9.57,8.2,3,2.21,3,0
37,82,510,0,0,0,191.9,95,32.62,116.7,105,9.92,202.6,113,9.12,8.2,5,2.21,0,0
13,65,408,0,0,0,131.5,119,22.36,222.3,119,18.9,155.3,83,6.99,11.1,7,3,1,0
38,78,408,0,0,0,157.3,61,26.74,242,119,20.57,196,107,8.82,10.6,1,2.86,1,0
1,77,408,1,0,0,192.7,82,32.76,198,91,16.83,204.2,95,9.19,9,6,2.43,1,0
31,126,415,0,0,0,175.6,91,29.85,151.1,100,12.84,201.5,100,9.07,9.9,2,2.67,1,0
5,87,408,0,0,0,129.5,104,22.02,194,133,16.49,287.9,65,12.96,7.2,7,1.94,2,0
17,72,510,1,0,0,274,75,46.58,162.8,110,13.84,110,121,4.95,7.7,3,2.08,4,0
44,69,415,0,0,0,111.7,86,18.99,187.5,68,15.94,194.8,128,8.77,11.6,10,3.13,2,0
35,85,408,0,0,0,142.7,82,24.26,179.1,106,15.22,141.4,88,6.36,5,8,1.35,3,0
29,176,415,0,0,0,216.7,91,36.84,233.9,104,19.88,231.1,110,10.4,9,4,2.43,1,0
24,133,415,0,0,0,207.1,106,35.21,283.5,124,24.1,65.2,107,2.93,10.5,2,2.84,3,0
41,146,415,0,0,0,214.8,86,36.52,230.9,94,19.63,223.8,100,10.07,5.8,3,1.57,3,0
48,31,415,0,0,0,142.9,67,24.29,109.7,72,9.32,293.6,112,13.21,11.5,6,3.11,0,0
25,78,415,1,0,0,71.5,126,12.16,166.8,127,14.18,211.6,86,9.52,8.3,2,2.24,3,1
4,118,415,0,0,0,77.6,113,13.19,126.9,75,10.79,191,79,8.59,14.9,4,4.02,1,0
7,119,510,0,0,0,73.7,66,12.53,160.5,132,13.64,214.2,67,9.64,13,6,3.51,3,0
37,76,415,0,0,0,212.5,124,36.13,215.5,110,18.32,128,94,5.76,5.2,9,1.4,3,0
16,159,510,0,1,36,288.2,120,48.99,227.1,105,19.3,198.2,113,8.92,13.3,7,3.59,1,0
37,66,415,0,0,0,192.4,98,32.71,187,93,15.9,132.9,82,5.98,11.2,1,3.02,0,0
18,139,415,0,0,0,102.2,76,17.37,230,106,19.55,183.4,136,8.25,10.8,4,2.92,1,0
21,122,415,1,0,0,49.5,114,8.42,214.1,98,18.2,154.9,120,6.97,10,4,2.7,0,0
42,131,415,0,0,0,55.5,79,9.44,163.5,104,13.9,128.1,59,5.76,10.1,4,2.73,1,0
10,129,415,0,0,0,220.2,117,37.43,261.1,102,22.19,165.9,132,7.47,10.8,1,2.92,2,0
16,125,408,0,0,0,175.9,98,29.9,192.8,148,16.39,278.2,110,12.52,10.6,5,2.86,0,0
7,67,415,0,0,0,208,95,35.36,234.8,81,19.96,266,80,11.97,11.7,6,3.16,3,0
24,61,415,0,1,28,239.9,110,40.78,218.9,87,18.61,166,46,7.47,12.1,4,3.27,1,0
30,135,408,1,0,0,174.8,112,29.72,218,125,18.53,180.1,102,8.1,12.7,6,3.43,3,0
20,43,510,0,1,26,141.5,94,24.06,196.4,123,16.69,172.4,100,7.76,12.9,1,3.48,3,0
5,120,415,0,0,0,79.2,123,13.46,212.1,106,18.03,224.6,104,10.11,10.2,4,2.75,3,0
17,62,415,0,0,0,238.9,102,40.61,161.4,115,13.72,248.5,103,11.18,13.4,4,3.62,0,0
20,160,408,0,1,37,179.8,104,30.57,144.8,115,12.31,209.1,89,9.41,11.1,8,3,3,0
43,98,415,0,0,0,189.8,113,32.27,271.5,111,23.08,218.9,96,9.85,13,5,3.51,1,0
25,121,415,0,0,0,217.3,79,36.94,218,106,18.53,166.5,69,7.49,11.5,7,3.11,1,0
39,111,415,0,0,0,129.1,92,21.95,148.9,132,12.66,264,103,11.88,16.8,7,4.54,2,0
15,127,408,0,0,0,135.5,110,23.04,146,116,12.41,208,88,9.36,10.7,4,2.89,2,0
5,86,510,0,0,0,223,109,37.91,286.2,76,24.33,257.8,132,11.6,7.5,7,2.03,3,1
20,133,510,0,1,24,125.5,106,21.34,161.2,95,13.7,209.1,112,9.41,15,4,4.05,2,0
48,238,415,0,0,0,202,60,34.34,213.9,105,18.18,266.4,90,11.99,12,1,3.24,2,0
7,119,510,0,0,0,140,135,23.8,138.9,103,11.81,230.2,121,10.36,6.1,6,1.65,0,0
49,113,415,0,0,0,126,90,21.42,205.8,92,17.49,217,121,9.76,12.8,1,3.46,0,0
24,104,415,0,0,0,285.3,75,48.5,130.8,111,11.12,181.8,99,8.18,10.5,2,2.84,2,0
9,56,415,0,0,0,222.9,100,37.89,145.2,110,12.34,170.6,129,7.68,5.6,8,1.51,1,0
4,56,510,0,1,37,153.7,97,26.13,271.4,91,23.07,179,121,8.06,8.3,2,2.24,1,0
2,100,408,0,1,41,306.9,71,52.17,243.3,72,20.68,125.9,114,5.67,10.5,4,2.84,2,0
7,113,408,0,0,0,203.4,85,34.58,219.8,140,18.68,240,107,10.8,8.3,5,2.24,1,0
5,103,415,0,1,37,230.7,112,39.22,319.4,116,27.15,299.4,77,13.47,7.9,3,2.13,2,0
23,160,415,0,0,0,118.9,106,20.21,163.5,75,13.9,195,131,8.78,13.1,4,3.54,0,0
17,142,408,0,1,34,219.5,85,37.32,144,120,12.24,258.2,84,11.62,7,3,1.89,1,0
47,73,415,1,1,34,252.9,103,42.99,220.1,79,18.71,144.9,65,6.52,11.4,3,3.08,0,0
34,135,415,0,1,46,172.6,77,29.34,203.4,102,17.29,264.2,108,11.89,10.4,2,2.81,1,0
4,120,415,0,0,0,174.1,108,29.6,209.6,96,17.82,267.5,99,12.04,11.6,2,3.13,0,0
1,29,415,0,0,0,262,112,44.54,82.7,60,7.03,195.1,120,8.78,10.7,5,2.89,1,0
28,158,415,0,0,0,123.3,115,20.96,130.4,91,11.08,243.7,119,10.97,11.2,3,3.02,3,0
5,132,408,0,0,0,213.6,125,36.31,133.9,54,11.38,332.2,104,14.95,7.5,2,2.03,4,0
30,28,415,0,0,0,171.2,90,29.1,173.9,65,14.78,210.5,139,9.47,14,4,3.78,2,0
29,60,415,0,0,0,229.5,91,39.02,157.7,67,13.4,162.4,76,7.31,13.2,3,3.56,2,0
7,173,408,0,0,0,128.6,108,21.86,248.3,92,21.11,130.1,115,5.85,10.4,2,2.81,4,1
28,152,408,0,1,26,214.8,82,36.52,226.7,135,19.27,206.7,97,9.3,7.6,11,2.05,1,0
35,140,510,0,0,0,187.1,110,31.81,158,70,13.43,211.4,123,9.51,8.5,2,2.3,2,0
32,88,415,0,0,0,141.7,102,24.09,226.2,125,19.23,100.1,93,4.5,11.9,8,3.21,0,0
30,170,408,0,1,22,173.6,66,29.51,142.2,83,12.09,156.5,93,7.04,5.2,3,1.4,1,0
22,57,510,0,0,0,176.9,75,30.07,204.2,86,17.36,254.1,90,11.43,6.1,4,1.65,1,0
11,102,408,0,1,27,109.8,66,18.67,207.3,76,17.62,236.9,101,10.66,10.3,7,2.78,0,0
36,195,415,0,0,0,221.6,109,37.67,126.2,94,10.73,212.2,98,9.55,6.4,2,1.73,0,0
2,105,408,1,0,0,274,156,46.58,263,69,22.36,195.9,93,8.82,11.3,3,3.05,3,1
30,81,415,0,1,33,200.3,103,34.05,216.9,96,18.44,249.8,100,11.24,15.5,4,4.19,1,0
30,123,415,0,1,38,202.3,104,34.39,292.4,105,24.85,239.3,63,10.77,11.2,1,3.02,3,0
39,63,408,0,0,0,204,119,34.68,161.7,90,13.74,202.6,113,9.12,9.4,4,2.54,3,0
31,126,415,0,0,0,193.1,114,32.83,75.5,61,6.42,186.2,73,8.38,11.1,1,3,3,0
30,153,415,0,0,0,202.2,132,34.37,158.9,78,13.51,111.4,98,5.01,8.6,4,2.32,2,0
30,67,415,0,0,0,245.1,118,41.67,185.2,94,15.74,193.6,112,8.71,8.1,3,2.19,3,0
24,65,408,0,0,0,158.3,71,26.91,168.3,119,14.31,139.9,119,6.3,6.6,6,1.78,2,0
3,21,408,0,0,0,138.1,79,23.48,186.9,75,15.89,194.2,105,8.74,12.1,1,3.27,0,0
29,72,510,0,0,0,212.7,92,36.16,306.4,100,26.04,140.3,90,6.31,12.9,6,3.48,0,0
6,150,408,0,1,24,212.4,157,36.11,168.7,91,14.34,199.4,112,8.97,9.7,1,2.62,2,0
35,129,510,0,1,10,161.4,91,27.44,183.1,102,15.56,240.3,65,10.81,12.9,3,3.48,1,0
48,73,510,1,0,0,202.9,108,34.49,285.9,121,24.3,219,102,9.86,12.8,5,3.46,1,0
12,105,408,0,0,0,98.2,103,16.69,140.3,91,11.93,140.2,106,6.31,13.9,1,3.75,1,0
5,115,408,0,0,0,80.8,81,13.74,195.7,91,16.63,190.1,66,8.55,11.7,6,3.16,1,0
14,82,415,0,0,0,207.2,114,35.22,163.7,97,13.91,192.8,79,8.68,9.3,4,2.51,7,0
42,131,415,0,0,0,227.7,134,38.71,162.7,88,13.83,279.4,90,12.57,8.9,7,2.4,4,0
7,77,415,0,0,0,208.8,117,35.5,175.4,81,14.91,171.5,105,7.72,13.4,3,3.62,0,0
42,201,510,0,0,0,159.9,61,27.18,237.3,124,20.17,290.2,99,13.06,13.4,4,3.62,3,0
11,139,415,1,0,0,185.1,101,31.47,266.7,75,22.67,207.9,95,9.36,9,3,2.43,3,0
43,94,408,0,0,0,139.1,93,23.65,237.9,100,20.22,227.1,59,10.22,11.4,3,3.08,1,0
37,95,415,0,0,0,155.5,99,26.44,167,75,14.2,190.7,125,8.58,13.2,4,3.56,1,0
12,138,408,0,0,0,180.5,82,30.69,242.4,103,20.6,244.4,89,11,10.3,7,2.78,2,0
21,105,415,0,0,0,204.6,111,34.78,134.4,109,11.42,260.8,69,11.74,5.7,7,1.54,1,0
7,81,415,1,0,0,220.4,76,37.47,276.4,122,23.49,239.5,112,10.78,11.4,5,3.08,1,1
7,127,510,0,0,0,223.2,137,37.94,144.7,119,12.3,96,109,4.32,8.6,4,2.32,2,0
34,84,415,0,0,0,109.1,114,18.55,231.4,113,19.67,274,112,12.33,9.6,4,2.59,0,0
31,47,510,0,1,30,136.5,101,23.21,174.9,74,14.87,146.4,91,6.59,10.9,3,2.94,2,0
9,128,510,1,0,0,192.8,96,32.78,136.6,86,11.61,151.8,75,6.83,13.5,4,3.65,1,1
22,39,408,0,0,0,179,88,30.43,148.2,124,12.6,146.8,116,6.61,8.8,4,2.38,2,0
2,95,415,0,0,0,226.6,98,38.52,88.5,107,7.52,166.2,105,7.48,11.9,3,3.21,2,0
43,167,408,0,0,0,130.5,66,22.19,80.9,102,6.88,221.6,116,9.97,11.2,5,3.02,1,0
34,104,415,0,0,0,186.8,102,31.76,176.3,114,14.99,222.2,84,10,13,3,3.51,0,0
29,136,415,0,0,0,110.2,92,18.73,219.4,109,18.65,188.1,67,8.46,12.3,4,3.32,2,0
37,83,510,0,1,33,228.2,85,38.79,249.2,114,21.18,93.5,89,4.21,10.2,7,2.75,0,0
24,135,415,0,1,45,241.4,102,41.04,206.4,78,17.54,196.6,104,8.85,9.4,6,2.54,0,0
27,79,408,0,0,0,174.8,88,29.72,197,94,16.75,87,103,3.92,8.6,6,2.32,3,0
29,133,415,0,0,0,171.8,64,29.21,177.1,83,15.05,223,96,10.04,10.3,4,2.78,1,0
38,73,510,0,0,0,159,123,27.03,233.3,95,19.83,178.9,155,8.05,15.2,3,4.1,2,0
42,183,408,0,1,38,178.4,103,30.33,184.4,79,15.67,203.3,94,9.15,7.2,3,1.94,3,0
18,78,510,0,0,0,238.9,96,40.61,196.1,92,16.67,102.4,95,4.61,11,1,2.97,6,0
4,109,415,0,0,0,101.8,105,17.31,348.9,107,29.66,233.2,150,10.49,7.5,5,2.03,1,0
40,112,415,0,1,17,120,94,20.4,79.5,104,6.76,214,94,9.63,8.7,1,2.35,1,0
14,92,415,0,0,0,145.9,90,24.8,148.1,105,12.59,241.3,93,10.86,8.4,1,2.27,2,0
20,35,408,0,0,0,179.8,82,30.57,176.1,78,14.97,132.6,85,5.97,12,5,3.24,1,0
49,93,415,0,0,0,199.7,109,33.95,114.2,68,9.71,241,109,10.85,7.1,2,1.92,0,0
14,26,510,0,0,0,150,63,25.5,225,90,19.13,202.3,99,9.1,9.2,5,2.48,3,0
34,120,408,0,0,0,215.7,75,36.67,244.4,105,20.77,211.2,91,9.5,11.4,5,3.08,2,0
10,124,415,0,0,0,94.8,102,16.12,238.9,91,20.31,279.4,94,12.57,11.6,3,3.13,2,0
22,56,415,0,0,0,79.3,115,13.48,159,64,13.52,245.7,99,11.06,10.1,4,2.73,1,0
37,39,408,0,0,0,157.2,81,26.72,247.7,131,21.05,215.7,141,9.71,9.9,9,2.67,1,0
36,158,408,0,0,0,119.8,123,20.37,262.2,122,22.29,219.8,111,9.89,12.4,5,3.35,1,0
42,106,510,0,0,0,170.6,116,29,259.1,115,22.02,214.2,111,9.64,9.6,13,2.59,1,0
48,112,408,0,0,0,135.1,112,22.97,226.3,85,19.24,115.2,108,5.18,11.1,6,3,1,0
4,148,408,1,0,0,136.8,112,23.26,197.5,134,16.79,93.2,90,4.19,10.3,5,2.78,2,0
26,12,408,0,0,0,239.7,112,40.75,221.1,122,18.79,207.3,109,9.33,11.1,3,3,2,0
38,142,510,0,1,38,231.2,125,39.3,174.8,121,14.86,171.2,87,7.7,12.4,2,3.35,4,0
30,60,510,0,0,0,203.7,95,34.63,212.6,122,18.07,177.1,103,7.97,7.9,1,2.13,3,0
46,141,408,0,1,43,157.8,122,26.83,132.3,108,11.25,137.1,81,6.17,5.6,2,1.51,2,0
17,88,415,0,0,0,138.7,92,23.58,205.8,73,17.49,247.9,119,11.16,9.8,5,2.65,1,0
49,119,415,0,0,0,226.6,126,38.52,143.6,107,12.21,94.9,123,4.27,12.1,5,3.27,1,0
8,31,408,0,0,0,229.1,120,38.95,172.4,79,14.65,243.6,102,10.96,11,4,2.97,3,0
44,118,415,0,0,0,183.1,128,31.13,241,93,20.49,211.1,108,9.5,12.5,4,3.38,0,0
25,222,408,0,1,34,218.5,89,37.15,160.7,76,13.66,181.6,76,8.17,4.9,5,1.32,4,0
31,130,415,0,0,0,143.8,76,24.45,274.8,103,23.36,194.7,105,8.76,12.3,1,3.32,0,0
48,60,415,0,1,31,223.6,83,38.01,235.6,77,20.03,153,119,6.89,4.7,8,1.27,4,0
13,101,415,0,1,39,147.2,105,25.02,168.8,96,14.35,165.3,118,7.44,13,4,3.51,1,0
23,134,415,0,1,32,224,75,38.08,97.5,103,8.29,211.6,80,9.52,10.7,5,2.89,2,0
29,118,408,0,0,0,160.3,110,27.25,53.2,92,4.52,130.7,119,5.88,10.5,4,2.84,0,0
25,93,415,0,1,21,213.8,103,36.35,257.7,72,21.9,218.4,114,9.83,7.2,6,1.94,1,0
0,232,415,0,0,0,248.2,128,42.19,211.2,96,17.95,147.1,117,6.62,10,6,2.7,2,0
34,137,415,0,1,25,174.6,88,29.68,243.8,118,20.72,259.7,103,11.69,12.2,3,3.29,3,0
17,3,415,0,1,23,205.5,102,34.94,209.5,83,17.81,182.3,99,8.2,6.4,4,1.73,0,0
35,137,415,0,0,0,209.1,104,35.55,189.4,96,16.1,214.4,83,9.65,14.8,4,4,3,0
35,42,415,0,0,0,251.1,81,42.69,178.3,106,15.16,184.6,90,8.31,12.7,5,3.43,0,0
18,58,408,0,0,0,187.6,113,31.89,217.4,115,18.48,139.7,92,6.29,9.8,5,2.65,3,0
43,55,415,0,1,37,197.5,89,33.58,228.7,141,19.44,313.4,121,14.1,19.7,2,5.32,1,0
14,69,510,0,0,0,221.6,88,37.67,231.8,87,19.7,211.7,116,9.53,8.6,9,2.32,1,0
29,100,415,0,0,0,200.7,151,34.12,290.8,127,24.72,186.7,105,8.4,10.2,9,2.75,1,0
41,111,415,0,0,0,226.3,82,38.47,178.9,101,15.21,181.5,90,8.17,8.9,4,2.4,0,0
34,86,510,0,0,0,212.8,79,36.18,90.9,145,7.73,152.3,67,6.85,11.9,3,3.21,2,0
15,105,510,0,0,0,213.3,99,36.26,153.1,79,13.01,227.9,98,10.26,10.8,5,2.92,1,0
39,111,408,1,0,0,177.1,102,30.11,249.1,102,21.17,153.3,66,6.9,8.8,4,2.38,2,0
7,75,408,0,0,0,229.2,59,38.96,142.8,107,12.14,291.6,109,13.12,8.5,5,2.3,0,0
14,95,510,0,1,24,129.4,120,22,159.8,68,13.58,214.4,83,9.65,12.6,4,3.4,4,1
16,137,510,0,0,0,203.1,97,34.53,132,76,11.22,250.9,94,11.29,9.2,4,2.48,4,0
10,116,408,1,0,0,232.2,98,39.47,244.7,91,20.8,151.3,69,6.81,10.6,1,2.86,7,1
25,125,415,0,0,0,138.5,96,23.55,159.7,117,13.57,212.7,91,9.57,7.7,3,2.08,2,0
48,65,415,0,0,0,189.3,74,32.18,205.3,90,17.45,228.2,78,10.27,8.5,13,2.3,3,0
36,55,415,0,1,33,141,99,23.97,250.9,109,21.33,284.6,89,12.81,11.7,3,3.16,0,0
24,86,408,0,0,0,118.6,106,20.16,223.5,115,19,94.7,12,4.26,13.3,1,3.59,2,0
8,50,510,0,1,39,147.3,75,25.04,244.8,74,20.81,216.9,101,9.76,13.2,3,3.56,2,0
46,42,415,0,0,0,171,129,29.07,183.9,96,15.63,130.2,90,5.86,4.6,6,1.24,0,0
35,76,510,0,1,40,177.9,85,30.24,119.3,95,10.14,140.5,83,6.32,10.3,1,2.78,2,0
15,90,415,0,0,0,114.4,108,19.45,232.8,150,19.79,198.1,78,8.91,8.9,3,2.4,0,0
28,66,510,0,0,0,113.9,112,19.36,271.8,106,23.1,216.7,95,9.75,15.6,3,4.21,2,0
31,22,408,0,0,0,180,65,30.6,207,106,17.6,182.8,111,8.23,8.3,6,2.24,1,0
32,57,415,0,1,26,138.7,99,23.58,134.5,105,11.43,261.7,95,11.78,13,5,3.51,2,0
43,7,510,0,1,33,211.8,99,36.01,170.9,110,14.53,244.2,125,10.99,11.2,4,3.02,2,0
9,85,415,0,0,0,234.5,113,39.87,237.3,116,20.17,122.7,110,5.52,12.9,3,3.48,4,0
6,92,510,0,0,0,240.2,86,40.83,107.6,79,9.15,156.6,121,7.05,7.5,4,2.03,1,0
17,116,415,0,1,42,280.4,95,47.67,174.4,101,14.82,190,65,8.55,9.9,1,2.67,3,0
49,133,415,0,0,0,113.3,137,19.26,160.2,103,13.62,228.8,98,10.3,10.1,7,2.73,2,0
12,134,408,0,0,0,107,146,18.19,220,116,18.7,149.8,108,6.74,7.2,3,1.94,2,0
44,19,415,0,0,0,184.5,131,31.37,201.3,87,17.11,188.9,114,8.5,13.1,10,3.54,1,0
33,66,415,0,1,31,163.2,106,27.74,267.9,108,22.77,172.6,100,7.77,9.7,5,2.62,1,0
45,65,510,0,0,0,193.8,113,32.95,151.7,106,12.89,208.9,94,9.4,12.6,3,3.4,3,0
20,104,415,0,0,0,185.1,91,31.47,227.3,115,19.32,198.5,79,8.93,12.7,10,3.43,2,0
17,140,408,0,0,0,151.5,106,25.76,175.7,125,14.93,214.1,87,9.63,12.4,9,3.35,3,0
7,62,510,0,0,0,211.3,100,35.92,228.4,91,19.41,217.1,77,9.77,6.3,5,1.7,0,0
32,115,415,0,1,37,184.1,67,31.3,159.4,104,13.55,193.3,121,8.7,13.3,3,3.59,0,0
27,111,408,0,1,33,154,122,26.18,207.3,123,17.62,186.2,105,8.38,10.8,8,2.92,1,0
23,121,415,0,0,0,166.3,114,28.27,138.8,130,11.8,215.3,108,9.69,10.4,10,2.81,2,0
41,108,415,0,0,0,108.6,128,18.46,325.2,97,27.64,173.6,67,7.81,9.3,6,2.51,0,0
18,63,415,0,1,25,230.3,82,39.15,165.6,96,14.08,227.7,125,10.25,9,2,2.43,1,0
38,59,415,0,1,46,200.1,44,34.02,126,78,10.71,146.3,123,6.58,10.6,5,2.86,1,0
14,82,415,0,0,0,179.2,95,30.46,228.9,95,19.46,187.7,100,8.45,13.2,2,3.56,1,0
23,126,415,0,0,0,261.6,83,44.47,192.9,133,16.4,246.9,50,11.11,7.3,3,1.97,4,0
12,110,510,0,0,0,129.5,94,22.02,92.6,96,7.87,154.3,110,6.94,9.9,5,2.67,3,0
10,85,408,0,0,0,164,111,27.88,229.4,108,19.5,220.7,105,9.93,9.3,2,2.51,1,0
6,46,415,0,0,0,230.7,117,39.22,186.2,84,15.83,182.2,109,8.2,9.2,4,2.48,2,0
9,44,408,0,0,0,207.2,90,35.22,178.6,76,15.18,182,74,8.19,0,0,0,0,0
41,171,408,0,0,0,171.9,99,29.22,249.2,95,21.18,174.9,81,7.87,12.5,4,3.38,1,0
46,88,415,0,1,37,181.7,88,30.89,237.4,106,20.18,209.1,111,9.41,9.5,5,2.57,2,0
0,169,408,0,0,0,240.7,119,40.92,141.1,102,11.99,120.6,56,5.43,7.7,2,2.08,2,0
6,48,510,0,0,0,198.2,108,33.69,181,70,15.39,238.9,86,10.75,12.1,2,3.27,1,0
16,65,408,0,0,0,96,95,16.32,117,82,9.95,172.9,114,7.78,6.7,3,1.81,3,0
43,53,510,0,0,0,171.5,75,29.16,224.5,111,19.08,187.4,84,8.43,9.7,6,2.62,1,0
32,72,415,0,1,27,111.7,68,18.99,252.8,106,21.49,255.5,109,11.5,7.8,4,2.11,1,0
30,100,510,0,0,0,152.7,98,25.96,212.4,73,18.05,264.5,90,11.9,7.9,3,2.13,2,0
9,82,415,0,0,0,194.7,105,33.1,210.9,100,17.93,236.9,143,10.66,11.6,3,3.13,3,0
0,71,415,0,0,0,119.9,108,20.38,240.7,82,20.46,151.1,124,6.8,8.1,7,2.19,3,0
27,103,415,0,0,0,222.9,129,37.89,205,87,17.43,141.3,99,6.36,9.9,2,2.67,1,0
35,87,415,0,0,0,210.7,46,35.82,215.6,116,18.33,170.4,79,7.67,13.2,3,3.56,1,0
18,116,408,0,0,0,254.6,107,43.28,249.4,89,21.2,229.6,77,10.33,9,18,2.43,2,1
45,140,415,0,0,0,265,100,45.05,147.6,89,12.55,247.7,94,11.15,10.7,3,2.89,1,0
25,93,408,0,0,0,172.3,135,29.29,318.7,95,27.09,131.5,104,5.92,11.5,4,3.11,3,0
16,90,415,0,0,0,259.1,140,44.05,124,119,10.54,188.3,79,8.47,12.8,3,3.46,0,0
39,130,415,0,0,0,211.4,91,35.94,191,62,16.24,207.3,109,9.33,11.6,3,3.13,1,0
10,121,408,1,0,0,175.9,87,29.9,225.3,114,19.15,156.2,113,7.03,10.4,3,2.81,2,0
0,47,510,1,0,0,135,108,22.95,176.3,111,14.99,144.6,96,6.51,10.5,1,2.84,1,1
20,94,415,1,1,39,115.5,90,19.64,122.5,99,10.41,197.7,110,8.9,7,3,1.89,0,0
45,76,408,0,0,0,193,82,32.81,200.8,109,17.07,135.9,79,6.12,14.4,3,3.89,0,0
45,69,510,0,0,0,167.4,105,28.46,121.5,142,10.33,209.3,83,9.42,16,2,4.32,1,0
2,117,415,0,1,35,190.7,100,32.42,209.7,107,17.82,202.5,101,9.11,12.4,5,3.35,1,0
16,130,415,0,0,0,139,98,23.63,120.2,116,10.22,160.4,113,7.22,14.5,2,3.92,3,0
46,109,415,0,1,40,155.9,110,26.5,161.2,99,13.7,229.2,81,10.31,11.5,13,3.11,0,0
45,115,415,0,0,0,182.1,97,30.96,231.1,76,19.64,246.2,103,11.08,15,2,4.05,0,0
40,114,408,0,0,0,139.8,152,23.77,215.9,76,18.35,96.9,111,4.36,7.9,10,2.13,2,0
14,135,510,0,0,0,112.7,123,19.16,280,90,23.8,251.9,110,11.34,10.4,2,2.81,0,0
8,79,415,0,1,31,173.2,98,29.44,149.5,123,12.71,245.7,91,11.06,11.5,7,3.11,1,0
15,112,415,1,0,0,195.7,123,33.27,141.9,124,12.06,136.4,72,6.14,7.9,6,2.13,1,0
37,107,510,0,0,0,257.7,98,43.81,156.5,84,13.3,104.4,123,4.7,9.8,3,2.65,1,0
3,157,415,0,0,0,248.7,113,42.28,251.8,79,21.4,262.7,46,11.82,7.5,3,2.03,5,1
21,81,415,1,1,32,229,80,38.93,221,113,18.79,291.4,91,13.11,12.4,5,3.35,1,0
1,136,408,0,0,0,276.3,94,46.97,226,125,19.21,221.4,87,9.96,7.2,1,1.94,1,1
21,83,510,0,1,37,133.1,117,22.63,171.4,89,14.57,218.1,92,9.81,10.9,4,2.94,3,0
21,93,415,0,1,37,230.4,95,39.17,155.5,89,13.22,179,90,8.06,10.4,9,2.81,3,0
30,103,408,0,0,0,185.8,118,31.59,86.8,84,7.38,208.4,115,9.38,10.7,9,2.89,1,0
50,96,415,0,0,0,183.9,88,31.26,109.2,86,9.28,190.2,78,8.56,16.6,7,4.48,2,0
40,77,415,1,0,0,132.9,86,22.59,168.1,121,14.29,196.3,102,8.83,7.8,3,2.11,0,0
5,128,510,0,0,0,221,109,37.57,219,107,18.62,229.4,113,10.32,8.6,5,2.32,3,0
9,96,408,1,0,0,188.8,119,32.1,216.9,100,18.44,208.5,116,9.38,5.8,3,1.57,3,0
3,105,408,1,1,31,172.5,103,29.33,113.6,102,9.66,261.6,104,11.77,10.8,4,2.92,2,0
23,107,510,0,0,0,156.3,75,26.57,215.3,93,18.3,118.2,115,5.32,8.8,2,2.38,1,0
21,115,415,0,0,0,202.1,95,34.36,231.6,89,19.69,214.6,165,9.66,13.1,7,3.54,1,0
13,90,415,0,0,0,207.6,82,35.29,193.3,105,16.43,149.7,68,6.74,11.2,6,3.02,1,0
43,22,415,0,0,0,222.9,97,37.89,172.6,91,14.67,187.6,99,8.44,10.1,3,2.73,1,0
38,169,510,0,0,0,192.8,98,32.78,273.2,125,23.22,266.3,102,11.98,11.4,6,3.08,2,0
24,83,510,0,0,0,268.7,81,45.68,145.5,100,12.37,185.6,86,8.35,9.4,6,2.54,0,0
12,87,408,0,1,48,178.8,91,30.4,246.8,106,20.98,262.4,119,11.81,9,8,2.43,1,0
29,126,415,0,1,24,197.3,82,33.54,167.6,51,14.25,222,89,9.99,7.4,3,2,1,0
5,90,408,1,0,0,207.1,87,35.21,208.5,87,17.72,146,95,6.57,4.4,5,1.19,2,0
28,131,408,0,0,0,136.8,84,23.26,179.4,81,15.25,235.2,151,10.58,5,3,1.35,2,0
2,89,415,0,0,0,159.4,126,27.1,207,108,17.6,141.6,121,6.37,11.1,4,3,1,0
33,71,415,0,0,0,112.1,122,19.06,157.9,86,13.42,271.6,104,12.22,11.1,5,3,0,0
15,166,415,0,0,0,238.6,117,40.56,242.8,73,20.64,203.3,130,9.15,10,8,2.7,4,0
46,146,510,1,0,0,163.5,85,27.8,224.8,149,19.11,253.1,116,11.39,9.8,4,2.65,1,0
25,90,408,1,0,0,127.2,94,21.62,221.1,108,18.79,110.7,106,4.98,11.2,3,3.02,2,0
1,59,408,0,0,0,145.8,95,24.79,228.3,81,19.41,247.5,87,11.14,9.6,5,2.59,0,0
12,25,415,0,0,0,250.1,108,42.52,221.9,97,18.86,208.5,84,9.38,11.1,3,3,2,0
37,124,510,0,0,0,234.2,110,39.81,199,121,16.92,246.4,135,11.09,7.1,4,1.92,0,0
33,143,415,0,1,26,119.6,133,20.33,247,136,21,227.3,54,10.23,13,3,3.51,1,0
9,162,408,0,0,0,221.9,66,37.72,112.7,109,9.58,176.5,141,7.94,10.7,6,2.89,1,0
0,56,415,0,0,0,158.2,85,26.89,197.9,91,16.82,159.9,133,7.2,7.7,7,2.08,1,0
44,105,510,0,0,0,193.2,139,32.84,260.3,104,22.13,226.4,133,10.19,7.8,2,2.11,1,0
16,73,510,0,1,33,217.7,108,37.01,245.7,106,20.88,242.9,100,10.93,8.8,6,2.38,1,0
11,54,408,0,0,0,199.8,94,33.97,308,112,26.18,162.6,99,7.32,10.1,4,2.73,0,0
26,98,510,0,0,0,171.9,77,29.22,235.3,90,20,140.3,125,6.31,14.6,4,3.94,2,0
33,107,408,0,0,0,228.2,90,38.79,214.2,123,18.21,183.1,79,8.24,10.5,4,2.84,4,0
20,167,510,0,0,0,191.5,93,32.56,163.8,76,13.92,189.1,103,8.51,14.1,9,3.81,1,0
9,49,415,0,0,0,171.5,86,29.16,188.8,85,16.05,155.1,82,6.98,8.5,2,2.3,2,0
27,34,408,0,0,0,151.1,92,25.69,211.7,86,17.99,205.8,72,9.26,9.8,4,2.65,0,0
10,39,408,0,0,0,181.2,71,30.8,344.9,108,29.32,213.6,145,9.61,12.1,2,3.27,3,0
37,90,415,0,0,0,152.3,91,25.89,165,120,14.03,294.3,73,13.24,9,3,2.43,2,0
41,113,415,0,0,0,283.9,98,48.26,137.1,91,11.65,159,110,7.15,11.3,5,3.05,2,0
24,19,415,0,1,29,142.7,94,24.26,129.9,60,11.04,165.3,65,7.44,10,4,2.7,0,0
17,69,415,0,0,0,211.7,94,35.99,236.1,124,20.07,252.7,90,11.37,7.2,2,1.94,4,0
21,90,415,0,0,0,192.6,129,32.74,191.6,100,16.29,203.1,105,9.14,11.4,2,3.08,3,0
8,122,415,0,1,30,237.7,94,40.41,154.7,91,13.15,223.1,98,10.04,9.5,3,2.57,1,0
20,123,408,0,1,31,203.6,108,34.61,156.9,112,13.34,236.2,114,10.63,12,5,3.24,1,0
3,81,510,0,0,0,192.4,79,32.71,212.7,106,18.08,244.8,83,11.02,8.3,5,2.24,1,0
34,43,408,0,0,0,212.5,88,36.13,274.1,145,23.3,194.6,52,8.76,8.6,6,2.32,0,0
25,25,415,0,0,0,114.4,114,19.45,201.1,97,17.09,238.4,121,10.73,11.6,4,3.13,3,0
42,170,415,0,0,0,222.8,82,37.88,148.2,105,12.6,231.1,75,10.4,13.3,5,3.59,1,0
43,129,415,0,0,0,207.7,75,35.31,191.3,116,16.26,226.7,98,10.2,11.6,6,3.13,2,0
7,82,415,0,1,23,249.4,117,42.4,195.8,100,16.64,162.2,94,7.3,12.3,2,3.32,1,0
42,8,415,0,0,0,176,97,29.92,234.2,136,19.91,193.5,134,8.71,8.5,5,2.3,1,0
48,105,415,0,0,0,132.3,105,22.49,144.5,89,12.28,195.5,127,8.8,5.4,3,1.46,0,0
9,90,408,0,1,32,276.6,76,47.02,138.3,90,11.76,279.6,88,12.58,6.8,3,1.84,3,0
42,82,408,0,0,0,156,94,26.52,295.6,118,25.13,196.9,84,8.86,14.3,3,3.86,0,0
21,76,408,0,0,0,208.5,124,35.45,173,117,14.71,221.1,95,9.95,9.8,3,2.65,0,0
42,98,415,0,0,0,243.4,88,41.38,147.1,155,12.5,156.4,80,7.04,9.7,4,2.62,2,0
27,57,415,0,0,0,198.1,89,33.68,214.2,105,18.21,109.5,106,4.93,7,3,1.89,1,0
20,131,510,0,0,0,256.6,96,43.62,225.2,113,19.14,190.2,91,8.56,11.1,3,3,1,1
32,116,408,0,0,0,85.8,88,14.59,115.8,112,9.84,195.9,91,8.82,11,2,2.97,1,0
42,136,510,0,1,19,174,96,29.58,217.2,126,18.46,220.3,97,9.91,11.4,3,3.08,1,0
6,108,415,0,0,0,133.1,52,22.63,256.3,103,21.79,247.2,118,11.12,11.9,3,3.21,3,0
34,25,415,0,0,0,195.2,77,33.18,193.4,81,16.44,231.8,59,10.43,12.2,4,3.29,2,0
17,25,408,0,0,0,199.2,80,33.86,123.2,84,10.47,82.3,77,3.7,9.6,4,2.59,2,0
43,140,408,0,1,24,235.4,92,40.02,160.9,71,13.68,211.9,99,9.54,8.9,2,2.4,3,0
17,46,510,1,1,27,170.9,73,29.05,184.7,77,15.7,130.8,94,5.89,6.1,7,1.65,2,0
35,106,415,0,0,0,155.9,90,26.5,198,101,16.83,189.1,95,8.51,8,2,2.16,2,0
27,81,415,0,1,43,102.4,102,17.41,225.3,104,19.15,182.3,97,8.2,7.1,5,1.92,2,0
0,33,415,0,0,0,200.5,117,34.09,159.9,111,13.59,196.2,84,8.83,16.3,6,4.4,3,0
43,77,415,0,1,32,192.2,101,32.67,165.4,84,14.06,230.2,129,10.36,8,6,2.16,1,0
8,87,415,0,1,28,202.7,124,34.46,248.9,98,21.16,184.7,50,8.31,14.7,6,3.97,1,0
45,45,415,0,1,18,168,127,28.56,155.5,76,13.22,152.7,127,6.87,11.8,5,3.19,0,0
49,41,408,1,1,31,278.1,86,47.28,268.1,103,22.79,241.5,77,10.87,11.3,4,3.05,0,0
21,122,408,0,0,0,128.3,89,21.81,237.7,62,20.2,166.6,128,7.5,11.2,5,3.02,1,0
24,92,408,0,1,21,227.8,107,38.73,156.4,70,13.29,259.7,72,11.69,12.4,3,3.35,0,0
30,65,408,1,0,0,54.8,74,9.32,239.8,93,20.38,214.4,91,9.65,13.4,5,3.62,1,1
24,57,415,0,1,24,140.2,102,23.83,170.1,107,14.46,143.7,102,6.47,14,1,3.78,1,0
30,37,408,0,0,0,257.3,117,43.74,134.5,92,11.43,306.2,102,13.78,8.2,5,2.21,3,0
29,162,510,0,0,0,103.3,93,17.56,210.6,87,17.9,187.2,118,8.42,11.4,6,3.08,1,0
19,193,415,0,0,0,208.1,115,35.38,178,104,15.13,195.9,95,8.82,12.4,9,3.35,3,0
37,80,415,0,0,0,195.1,65,33.17,214,80,18.19,124.4,96,5.6,9.2,6,2.48,2,0
20,176,415,0,0,0,162.6,97,27.64,227.8,107,19.36,218.8,92,9.85,11.3,4,3.05,1,0
9,76,415,0,0,0,168.4,74,28.63,161,83,13.69,147.4,117,6.63,8,4,2.16,1,0
19,89,510,0,1,24,197.8,84,33.63,223.2,117,18.97,201.7,132,9.08,5.7,4,1.54,1,0
1,138,408,0,0,0,63.7,114,10.83,212.2,132,18.04,247.6,114,11.14,8.8,4,2.38,0,0
0,90,408,0,0,0,193.8,90,32.95,206.6,98,17.56,153.3,120,6.9,10.1,9,2.73,3,0
40,57,510,0,1,25,144,81,24.48,187.2,112,15.91,158.6,122,7.14,8.5,6,2.3,3,0
21,67,408,0,1,33,127.5,126,21.68,296.1,129,25.17,200.9,91,9.04,13,3,3.51,1,0
31,98,415,0,1,23,168.9,98,28.71,226.3,117,19.24,165.5,96,7.45,14.3,3,3.86,0,0
36,140,415,0,0,0,204.7,100,34.8,126.8,107,10.78,202.8,115,9.13,12.1,4,3.27,2,0
14,43,510,0,0,0,203.5,125,34.6,116.4,92,9.89,184.4,118,8.3,13.6,5,3.67,1,0
43,86,408,0,0,0,139.1,95,23.65,146.2,82,12.43,186.8,120,8.41,11.8,5,3.19,2,0
17,117,408,0,0,0,150.5,121,25.59,345.1,132,29.33,183.9,97,8.28,8.3,2,2.24,0,0
29,86,415,0,0,0,231.9,73,39.42,165.9,123,14.1,225.7,86,10.16,11.5,3,3.11,3,0
26,74,415,0,0,0,207.1,79,35.21,182,100,15.47,233.7,73,10.52,7.4,8,2,1,0
28,95,408,0,1,45,116.4,115,19.79,283.7,123,24.11,285.2,103,12.83,12.8,4,3.46,1,0
50,85,415,0,0,0,195.7,104,33.27,182.9,121,15.55,324.7,110,14.61,8.6,9,2.32,0,0
43,81,510,0,0,0,79.4,99,13.5,144.7,90,12.3,204.7,114,9.21,9.1,5,2.46,0,0
18,79,415,0,0,0,213.4,107,36.28,176.2,82,14.98,180.1,125,8.1,7.9,4,2.13,0,0
31,96,415,0,0,0,166.5,101,28.31,78.3,108,6.66,221.9,112,9.99,11.5,10,3.11,3,0
34,140,415,0,0,0,220.1,100,37.42,182.2,112,15.49,250.3,98,11.26,11.6,8,3.13,1,0
13,102,415,1,0,0,78.4,117,13.33,214.7,113,18.25,119.5,75,5.38,7.2,5,1.94,0,0
50,67,510,0,0,0,102.8,93,17.48,137.8,91,11.71,158.9,110,7.15,8.9,5,2.4,1,0
43,105,415,0,0,0,181.3,134,30.82,136,84,11.56,271.2,122,12.2,10.3,3,2.78,1,0
50,91,510,0,0,0,172.5,56,29.33,276.5,70,23.5,180.9,90,8.14,6.9,2,1.86,3,0
33,74,408,0,0,0,141.9,103,24.12,201,110,17.09,211.2,117,9.5,10.9,11,2.94,1,0
35,79,415,0,1,30,148,96,25.16,149.6,128,12.72,220.3,99,9.91,9.7,5,2.62,3,0
25,114,415,1,0,0,200.7,72,34.12,271.2,79,23.05,188.2,97,8.47,13.4,7,3.62,2,1
45,107,415,0,0,0,220.1,103,37.42,200.4,94,17.03,272.6,147,12.27,7.4,5,2,2,0
2,98,415,0,0,0,147,101,24.99,202.5,89,17.21,250.8,97,11.29,9.2,3,2.48,1,0
35,60,408,0,0,0,194.2,107,33.01,174,107,14.79,89.3,83,4.02,11.2,2,3.02,2,0
32,138,408,0,1,33,214.9,91,36.53,288.7,97,24.54,262.7,64,11.82,8.1,2,2.19,0,0
42,22,408,0,1,29,151.2,147,25.7,203.2,135,17.27,296.1,98,13.32,11.1,2,3,2,0
1,69,415,0,0,0,111.3,110,18.92,226.8,107,19.28,187.6,66,8.44,10.2,12,2.75,1,0
19,106,408,0,0,0,273.8,120,46.55,149.3,104,12.69,193.9,127,8.73,11.2,3,3.02,0,0
25,104,510,0,0,0,142.6,88,24.24,85.4,96,7.26,246.4,80,11.09,14,4,3.78,1,0
2,127,510,0,1,33,180.5,94,30.69,241.9,107,20.56,225.4,113,10.14,7.4,2,2,1,0
17,2,415,0,1,27,141.7,125,24.09,160.7,136,13.66,170.3,81,7.66,9.3,2,2.51,1,0
38,34,510,0,1,26,193.4,91,32.88,198.3,94,16.86,257.2,94,11.57,9.5,5,2.57,2,0
40,111,510,0,0,0,184.2,92,31.31,215,96,18.28,100.1,64,4.5,11.3,4,3.05,1,0
33,65,415,0,0,0,180.3,84,30.65,199.9,129,16.99,280.1,62,12.6,12.1,1,3.27,3,0
18,117,415,0,0,0,223.7,73,38.03,205.2,69,17.44,282.9,51,12.73,11.1,1,3,2,0
43,38,415,0,0,0,220.5,110,37.49,180.8,114,15.37,156.5,102,7.04,5.6,7,1.51,1,0
44,112,415,1,0,0,217.6,110,36.99,195.7,105,16.63,178.8,106,8.05,10.4,8,2.81,2,0
33,48,415,0,1,37,138.3,81,23.51,187.6,74,15.95,158,113,7.11,11.6,1,3.13,2,0
22,140,415,0,0,0,191.8,67,32.61,261.1,52,22.19,252.7,112,11.37,10.8,3,2.92,6,0
49,67,415,0,0,0,166.6,102,28.32,226.3,110,19.24,147.2,121,6.62,9.1,6,2.46,3,0
22,185,408,0,1,18,103.9,112,17.66,230,111,19.55,155.7,119,7.01,8.5,5,2.3,0,0
39,99,510,0,0,0,214.9,103,36.53,218.4,121,18.56,272.6,110,12.27,9.6,3,2.59,2,0
36,52,415,0,0,0,165.9,122,28.2,212.2,107,18.04,202.1,94,9.09,8.3,3,2.24,1,0
47,82,408,0,0,0,182.3,106,30.99,259.9,102,22.09,150.5,98,6.77,10.9,6,2.94,1,0
32,71,415,0,1,27,151.2,118,25.7,228,82,19.38,169.8,113,7.64,5.6,17,1.51,0,0
48,124,510,0,0,0,178.8,64,30.4,226,118,19.21,240.5,89,10.82,5.5,4,1.49,2,0
11,172,415,0,0,0,136,90,23.12,184,89,15.64,137.5,48,6.19,5.5,3,1.49,0,0
42,97,415,0,0,0,87.1,110,14.81,202.1,110,17.18,137.9,89,6.21,14.4,4,3.89,2,0
17,120,408,0,0,0,169,87,28.73,111.1,93,9.44,118.7,102,5.34,12.2,3,3.29,3,0
5,83,415,0,0,0,196.7,117,33.44,272,89,23.12,199.9,62,9,10.1,11,2.73,3,0
30,92,415,0,0,0,114.6,94,19.48,209,78,17.77,209.7,97,9.44,8.3,5,2.24,2,0
9,130,415,0,0,0,204.5,88,34.77,178.4,85,15.16,229.6,78,10.33,12.6,8,3.4,0,0
24,97,510,1,0,0,272.8,60,46.38,216.5,113,18.4,245.1,67,11.03,6.1,8,1.65,5,1
7,53,510,0,1,22,174.8,110,29.72,191.4,104,16.27,119.5,103,5.38,12,2,3.24,3,0
5,87,415,1,0,0,128.9,71,21.91,281.9,91,23.96,209.1,100,9.41,9.9,4,2.67,0,0
27,109,408,0,0,0,123,111,20.91,237.2,103,20.16,258.8,91,11.65,9.3,12,2.51,1,0
3,84,415,0,0,0,169.9,96,28.88,190.3,103,16.18,188,82,8.46,8.6,2,2.32,2,0
7,157,408,0,1,27,201.4,85,34.24,101.3,60,8.61,258.5,113,11.63,11.9,5,3.21,2,0
24,66,408,0,0,0,128.2,109,21.79,274.5,112,23.33,211,90,9.49,8.1,4,2.19,0,0
22,142,408,0,1,20,214.3,126,36.43,250.1,102,21.26,189.7,116,8.54,10.6,4,2.86,4,0
48,136,415,0,1,24,243.3,107,41.36,226.8,111,19.28,138.5,117,6.23,11,4,2.97,4,0
36,75,510,0,1,17,200.7,107,34.12,212.5,109,18.06,204,136,9.18,12.9,3,3.48,4,0
30,45,415,0,1,32,235,85,39.95,240.5,101,20.44,147.1,88,6.62,7.7,3,2.08,2,0
20,48,408,0,0,0,237.5,117,40.38,211.1,114,17.94,163.9,114,7.38,9.7,3,2.62,1,0
5,16,510,0,0,0,228.3,80,38.81,130.9,75,11.13,156.7,98,7.05,8.4,9,2.27,1,0
37,140,415,0,0,0,160.5,123,27.29,185.9,110,15.8,150.4,94,6.77,10.7,5,2.89,1,0
7,108,510,0,1,48,185.6,125,31.55,224.6,125,19.09,284.7,87,12.81,6.9,3,1.86,1,0
33,53,415,0,0,0,214.3,138,36.43,232.2,99,19.74,0,0,0,8.3,5,2.24,1,0
30,91,408,0,0,0,240.8,105,40.94,192.8,93,16.39,253.4,69,11.4,7.6,3,2.05,4,0
35,105,408,0,0,0,104.2,75,17.71,272.9,91,23.2,187.2,107,8.42,9.2,2,2.48,1,0
43,122,415,0,0,0,273.8,94,46.55,237.1,131,20.15,295.9,89,13.32,10.4,2,2.81,3,1
6,26,415,1,0,0,194.4,105,33.05,238.3,100,20.26,239.1,129,10.76,9.6,5,2.59,0,0
43,129,415,0,0,0,130.2,94,22.13,195.2,126,16.59,195.5,68,8.8,7.6,5,2.05,2,0
37,118,408,1,1,52,123.7,114,21.03,133.2,137,11.32,191.8,102,8.63,7.9,3,2.13,0,0
26,152,408,0,0,0,142.8,106,24.28,230.5,87,19.59,212.8,74,9.58,7.2,8,1.94,0,0
33,51,510,0,1,32,206.1,134,35.04,179.6,84,15.27,332.2,90,14.95,10.2,2,2.75,3,0
19,57,415,0,1,25,182.4,92,31.01,214.7,104,18.25,174.4,110,7.85,10.1,2,2.73,1,0
22,60,408,0,1,43,179.9,100,30.58,245.1,71,20.83,225.7,114,10.16,11.4,4,3.08,2,0
29,103,415,0,0,0,228.4,103,38.83,97.3,129,8.27,199.9,67,9,9.4,7,2.54,3,0
37,57,415,0,0,0,202,100,34.34,168.9,90,14.36,231.8,119,10.43,3.4,4,0.92,1,0
13,84,415,0,0,0,148.8,89,25.3,189.8,93,16.13,147.6,73,6.64,6.3,2,1.7,1,0
6,130,415,0,0,0,159.9,70,27.18,236.8,127,20.13,227.9,95,10.26,9,1,2.43,1,0
19,116,415,1,0,0,191.7,97,32.59,176.2,127,14.98,103.9,96,4.68,4.9,4,1.32,2,0
47,51,415,0,0,0,86.4,102,14.69,202.1,113,17.18,113,84,5.09,11.9,6,3.21,2,0
38,161,510,0,0,0,151.2,89,25.7,228.4,117,19.41,169.3,107,7.62,9.3,2,2.51,2,0
41,39,415,0,0,0,196.2,105,33.35,306.8,111,26.08,201.5,110,9.07,6.9,11,1.86,0,0
32,130,415,0,0,0,182.1,136,30.96,204.2,99,17.36,355.1,135,15.98,12,7,3.24,2,0
32,42,510,0,0,0,155.1,110,26.37,160.8,109,13.67,237.4,115,10.68,11.3,2,3.05,3,0
13,97,415,0,1,27,125.9,90,21.4,123.4,91,10.49,230,71,10.35,7.3,7,1.97,0,0
37,34,415,0,1,33,284.3,115,48.33,204.8,125,17.41,143,83,6.44,3.5,4,0.95,0,0
31,116,415,0,0,0,199.7,76,33.95,98.5,104,8.37,220.1,108,9.9,13.7,6,3.7,1,0
22,158,415,0,0,0,98.2,87,16.69,198.3,71,16.86,246,99,11.07,13,5,3.51,2,0
34,86,415,0,1,23,247.6,65,42.09,255.7,104,21.73,150,138,6.75,7.3,5,1.97,3,0
9,78,415,0,0,0,241.3,113,41.02,146.6,97,12.46,129,131,5.81,11.8,6,3.19,3,0
36,84,408,0,0,0,163.7,123,27.83,175,93,14.88,194,115,8.73,8,5,2.16,1,0
10,132,415,0,0,0,164,112,27.88,243.6,80,20.71,155.5,122,7,10.2,4,2.75,1,0
0,83,415,0,0,0,195.2,101,33.18,188.7,38,16.04,270,91,12.15,11.4,3,3.08,0,0
41,49,415,1,0,0,157.6,101,26.79,256.4,69,21.79,260.8,107,11.74,9.8,4,2.65,1,0
19,148,415,0,0,0,168.7,125,28.68,208.5,79,17.72,184.1,86,8.28,6.8,6,1.84,2,0
21,78,408,0,1,38,199,96,33.83,75.5,93,6.42,180.2,78,8.11,7.5,7,2.03,1,0
50,65,408,0,0,0,182.5,58,31.03,201.9,93,17.16,189.1,97,8.51,8.6,5,2.32,1,0
18,79,415,0,0,0,81.2,91,13.8,215.7,126,18.33,245.9,85,11.07,10.9,4,2.94,1,0
18,76,415,0,0,0,179.1,110,30.45,157.2,81,13.36,240,109,10.8,6.5,3,1.76,0,0
15,124,415,0,0,0,182.7,98,31.06,197.2,93,16.76,220.6,105,9.93,8.1,4,2.19,1,0
26,98,408,0,0,0,207,94,35.19,256.3,64,21.79,137.6,60,6.19,10.4,4,2.81,2,0
15,200,408,0,0,0,195.4,71,33.22,249.4,96,21.2,233.1,132,10.49,12.9,2,3.48,3,0
47,17,408,0,0,0,180.4,121,30.67,228.5,111,19.42,199.5,99,8.98,14.8,5,4,0,0
39,84,415,0,0,0,172.3,92,29.29,224.2,96,19.06,223.4,100,10.05,9.7,1,2.62,2,0
15,67,408,0,0,0,144.7,91,24.6,219.6,106,18.67,233.5,98,10.51,12.6,8,3.4,1,0
2,125,408,0,0,0,143.6,119,24.41,238.5,119,20.27,173.6,89,7.81,10.9,4,2.94,2,0
13,61,510,0,0,0,88.1,60,14.98,129.7,108,11.02,169,87,7.61,13.3,4,3.59,2,0
1,20,408,0,0,0,131.5,64,22.36,161.8,124,13.75,158.6,106,7.14,14.8,5,4,0,0
23,115,510,0,0,0,156.8,104,26.66,264.7,84,22.5,249,112,11.21,7.4,8,2,0,0
25,139,510,0,0,0,196.9,58,33.47,137.1,91,11.65,216.6,101,9.75,9.8,3,2.65,1,0
16,96,415,0,0,0,178,140,30.26,294.6,125,25.04,242.2,91,10.9,12,6,3.24,2,0
16,101,510,0,0,0,195.8,105,33.29,184.5,109,15.68,172,128,7.74,11.8,2,3.19,2,0
14,86,408,0,1,26,141.3,120,24.02,134.6,98,11.44,195.9,94,8.82,13.3,5,3.59,1,0
26,42,415,0,1,21,125.5,67,21.34,166.7,90,14.17,227.1,97,10.22,11,1,2.97,2,0
7,48,510,0,0,0,200.5,117,34.09,225.3,123,19.15,134,89,6.03,6.7,5,1.81,4,0
33,134,408,0,0,0,205.5,87,34.94,208.9,67,17.76,182.3,69,8.2,5.2,3,1.4,2,0
50,149,415,0,0,0,152.1,116,25.86,164.3,83,13.97,142.8,98,6.43,7.6,3,2.05,0,0
26,120,415,0,0,0,216.5,113,36.81,251.8,91,21.4,164.5,125,7.4,7.3,1,1.97,3,0
41,84,415,0,1,25,113.9,90,19.36,257,99,21.85,214.5,98,9.65,12.9,8,3.48,4,1
23,16,510,0,0,0,228.6,130,38.86,208.4,103,17.71,195.3,118,8.79,11.9,7,3.21,0,0
36,80,415,0,0,0,106.5,116,18.11,104.8,67,8.91,183.2,124,8.24,8.2,5,2.21,1,0
36,104,510,0,1,44,163.2,69,27.74,271.7,107,23.09,175.6,109,7.9,9.9,2,2.67,3,0
40,102,408,0,1,48,134,83,22.78,234.3,128,19.92,197.3,107,8.88,7.8,4,2.11,6,1
8,74,415,0,1,38,176,84,29.92,288.2,103,24.5,178.2,86,8.02,14.8,5,4,2,0
23,135,510,0,0,0,180.1,112,30.62,257.2,89,21.86,131.6,111,5.92,11.4,7,3.08,1,0
4,55,415,0,0,0,180.1,77,30.62,235.5,98,20.02,169.4,104,7.62,11.1,2,3,0,0
22,106,415,0,0,0,94.8,113,16.12,283.2,95,24.07,219.3,106,9.87,6.8,4,1.84,1,0
29,34,415,0,0,0,210.4,75,35.77,205.1,108,17.43,230.5,129,10.37,12.5,2,3.38,1,0
29,100,415,0,0,0,174.2,93,29.61,235,101,19.98,264.2,83,11.89,9.9,7,2.67,1,0
16,127,408,0,0,0,189.7,110,32.25,142.4,116,12.1,175.2,79,7.88,8.5,8,2.3,2,0
16,65,408,0,1,19,259,96,44.03,332.3,106,28.25,130.1,95,5.85,7.5,7,2.03,1,0
5,109,415,0,1,39,86.4,69,14.69,189.1,108,16.07,225.4,119,10.14,4.8,4,1.3,2,0
40,98,408,0,0,0,136.9,120,23.27,180.6,84,15.35,172.9,94,7.78,11.9,4,3.21,4,1
27,76,510,0,1,17,234.9,111,39.93,255.4,143,21.71,194.6,80,8.76,15.4,3,4.16,1,0
37,141,510,0,0,0,196.5,104,33.41,175.1,111,14.88,209.6,110,9.43,14.1,4,3.81,6,0
9,136,415,0,0,0,221.4,120,37.64,249.5,78,21.21,192,68,8.64,13.6,2,3.67,0,0
35,42,408,0,0,0,191.9,139,32.62,304.2,91,25.86,179.5,91,8.08,11.7,4,3.16,0,0
45,162,415,1,0,0,172.1,138,29.26,165.9,93,14.1,279,81,12.56,9.2,6,2.48,2,0
11,49,415,0,0,0,189.9,104,32.28,247.4,120,21.03,159.8,113,7.19,10.1,6,2.73,1,0
29,103,408,0,0,0,147.8,71,25.13,182.6,103,15.52,260.8,95,11.74,6.9,3,1.86,1,0
29,102,510,0,0,0,62.5,68,10.63,222.2,114,18.89,142.4,96,6.41,12.5,5,3.38,1,0
25,222,415,0,0,0,256.6,119,43.62,230.8,98,19.62,236,97,10.62,12.2,5,3.29,1,1
30,100,415,0,1,20,123.7,98,21.03,200.8,125,17.07,181,118,8.15,9.6,5,2.59,1,0
15,86,408,0,0,0,113.1,77,19.23,294.4,126,25.02,101.4,94,4.56,13.4,3,3.62,1,0
8,94,415,0,1,38,220,102,37.4,180.3,119,15.33,136.2,90,6.13,10.3,2,2.78,1,0
44,106,415,0,0,0,147.7,105,25.11,215,129,18.28,267.2,95,12.02,11,3,2.97,1,0
4,62,510,0,0,0,196.2,107,33.35,103.9,104,8.83,203.8,88,9.17,13.2,4,3.56,1,0
18,47,415,0,0,0,111.3,92,18.92,109.4,108,9.3,116.9,80,5.26,10.8,8,2.92,1,0
27,51,415,0,0,0,176.7,129,30.04,218.9,125,18.61,183.9,51,8.28,9.1,4,2.46,0,0
16,145,415,0,0,0,219,98,37.23,176.1,109,14.97,166.3,132,7.48,6.8,3,1.84,2,0
19,126,415,0,0,0,284,92,48.28,199.7,78,16.97,203.4,141,9.15,6.6,2,1.78,1,1
34,180,415,0,0,0,174.1,94,29.6,147.1,93,12.5,216.9,108,9.76,16.2,3,4.37,1,0
15,67,415,0,0,0,124,77,21.08,222.2,95,18.89,151.2,111,6.8,13.1,2,3.54,0,0
27,164,408,0,1,32,111.7,116,18.99,133.9,93,11.38,176.5,76,7.94,8,5,2.16,1,0
49,119,415,0,0,0,37.4,102,6.36,182.3,115,15.5,191.9,100,8.64,8.3,5,2.24,2,0
32,74,415,0,0,0,201.4,112,34.24,109.6,71,9.32,200.2,135,9.01,10.7,2,2.89,1,0
39,18,415,0,0,0,156,88,26.52,213.8,127,18.17,244.9,113,11.02,11.4,9,3.08,1,0
40,93,408,0,0,0,162.9,103,27.69,243.6,97,20.71,172.4,111,7.76,7,5,1.89,4,0
41,64,415,0,1,18,211.4,111,35.94,150.8,67,12.82,216.5,87,9.74,10.5,2,2.84,2,0
24,103,408,0,0,0,170.6,79,29,144.8,126,12.31,193.6,102,8.71,6,3,1.62,0,0
27,108,415,0,0,0,157.3,83,26.74,162.8,75,13.84,112,101,5.04,9.7,4,2.62,1,0
46,112,510,0,0,0,172.7,112,29.36,244.5,83,20.78,242.3,68,10.9,4.1,1,1.11,0,0
35,77,408,0,0,0,196.6,87,33.42,117.7,103,10,124.9,100,5.62,11.4,3,3.08,2,0
38,87,510,0,1,18,186.7,74,31.74,220,77,18.7,224.6,137,10.11,12,4,3.24,1,0
2,43,408,0,1,39,198.5,104,33.75,163.1,107,13.86,212.2,125,9.55,10.8,2,2.92,1,0
48,113,408,0,0,0,161.1,133,27.39,205.3,95,17.45,60.3,93,2.71,12.2,2,3.29,2,0
32,95,415,0,1,27,190.8,76,32.44,177.5,104,15.09,227.3,95,10.23,5.9,1,1.59,2,0
6,30,415,0,0,0,195.2,100,33.18,179.8,95,15.28,298.3,115,13.42,11.5,4,3.11,1,0
39,56,415,0,0,0,245.5,39,41.74,231.8,116,19.7,156.9,68,7.06,10.1,10,2.73,5,0
23,172,510,0,0,0,290.5,123,49.39,253,77,21.51,159.3,96,7.17,11.3,5,3.05,2,1
7,82,415,0,1,23,165.2,103,28.08,193.9,78,16.48,170.9,90,7.69,11.8,2,3.19,1,0
49,95,415,0,0,0,198.9,101,33.81,209.7,91,17.82,145.3,55,6.54,11.4,4,3.08,1,0
8,97,408,0,0,0,169.2,91,28.76,224.6,122,19.09,108,115,4.86,13,5,3.51,1,0
0,94,408,0,0,0,226.6,119,38.52,199.8,111,16.98,219.4,141,9.87,11.7,2,3.16,3,0
45,90,415,0,1,32,194,83,32.98,151.7,111,12.89,205.8,111,9.26,9.3,4,2.51,1,0
22,52,408,0,0,0,165.8,94,28.19,192.8,135,16.39,247.8,64,11.15,12.4,7,3.35,3,0
34,91,510,0,0,0,143.2,127,24.34,103,89,8.76,233.5,94,10.51,12.7,3,3.43,2,0
18,163,510,0,0,0,238.6,107,40.56,178,85,15.13,196,124,8.82,6.2,4,1.67,1,0
32,112,510,0,0,0,136.1,95,23.14,163.8,111,13.92,157.2,118,7.07,8.9,5,2.4,1,0
16,95,415,0,0,0,232,80,39.44,126.1,94,10.72,109.6,117,4.93,12,6,3.24,1,0
40,49,415,0,0,0,167.2,94,28.42,218.1,121,18.54,313.1,109,14.09,7.8,5,2.11,3,0
46,121,415,0,0,0,162.4,87,27.61,285.2,104,24.24,117.4,125,5.28,5.8,5,1.57,2,0
25,39,510,0,0,0,189.6,89,32.23,251.6,116,21.39,230.9,105,10.39,5.4,8,1.46,3,0
38,41,415,0,1,24,247.6,97,42.09,199.7,106,16.97,217.7,91,9.8,12.1,6,3.27,1,0
0,60,510,0,0,0,179.4,108,30.5,263.2,74,22.37,133.3,78,6,13.4,7,3.62,2,0
35,158,510,0,0,0,245.1,68,41.67,195.8,100,16.64,244.2,80,10.99,11.5,4,3.11,2,0
45,45,415,0,0,0,142.7,80,24.26,205.4,135,17.46,228.1,87,10.26,12,11,3.24,2,0
49,154,510,0,0,0,94.5,97,16.07,178.2,127,15.15,230.2,99,10.36,9.2,3,2.48,2,0
45,95,510,0,1,44,173.3,114,29.46,152.3,78,12.95,144.4,118,6.5,12.3,3,3.32,2,0
8,127,510,0,0,0,241.7,115,41.09,141.5,96,12.03,170.7,94,7.68,4.5,5,1.22,2,0
26,26,408,0,0,0,290.1,143,49.32,245.7,97,20.88,147,80,6.61,7.4,4,2,2,1
34,78,408,0,1,28,246,136,41.82,147.5,99,12.54,118.8,99,5.35,4,2,1.08,2,0
21,122,510,0,0,0,216.5,60,36.81,250.3,140,21.28,247,99,11.12,5.7,6,1.54,2,0
17,101,415,0,1,24,240.5,103,40.89,280.5,78,23.84,212.8,69,9.58,10.4,5,2.81,2,0
22,67,415,0,0,0,284.5,104,48.37,88.6,71,7.53,171.4,93,7.71,12.5,4,3.38,1,0
17,142,415,0,0,0,131.7,85,22.39,239.6,118,20.37,235.1,77,10.58,8.9,3,2.4,1,0
2,183,415,0,1,31,211.9,126,36.02,224.3,125,19.07,226.2,125,10.18,13.8,2,3.73,1,0
28,202,415,0,0,0,168.9,88,28.71,235.8,98,20.04,273.2,108,12.29,14.6,3,3.94,3,0
27,24,415,1,0,0,230.5,126,39.19,184.7,128,15.7,159.1,152,7.16,10.6,3,2.86,1,0
28,36,510,0,0,0,195.5,77,33.24,156.3,108,13.29,217.8,133,9.8,7.3,2,1.97,1,0
49,167,415,0,0,0,112.3,101,19.09,204.8,140,17.41,141.2,118,6.35,13.3,2,3.59,1,0
15,136,415,0,0,0,121.5,80,20.66,220.1,97,18.71,179.5,94,8.08,10.4,5,2.81,1,0
2,77,415,0,0,0,175.8,116,29.89,156.2,125,13.28,237.4,106,10.68,5,4,1.35,0,0
33,85,415,0,0,0,187,95,31.79,163.6,136,13.91,212.3,105,9.55,7.9,2,2.13,2,0
31,133,415,0,0,0,165.9,98,28.2,161.9,110,13.76,208.9,120,9.4,11.2,11,3.02,2,0
30,122,408,0,0,0,152,86,25.84,162.8,61,13.84,161.9,98,7.29,9.3,3,2.51,1,0
29,52,415,1,1,27,207.5,92,35.28,182.8,92,15.54,189,68,8.5,9.8,3,2.65,2,0
10,136,415,0,0,0,232.9,119,39.59,191,103,16.24,222.5,59,10.01,10.7,3,2.89,0,0
50,19,408,0,0,0,146.8,99,24.96,190.5,101,16.19,146.1,68,6.57,9.3,2,2.51,0,0
5,140,510,0,0,0,201.9,114,34.32,181.7,97,15.44,184.5,122,8.3,12.1,10,3.27,0,0
17,119,408,0,0,0,121.4,95,20.64,230.9,81,19.63,163.6,103,7.36,13.8,4,3.73,2,0
2,139,510,0,0,0,201.8,121,34.31,238.6,89,20.28,174.1,151,7.83,13.5,4,3.65,1,0
7,122,510,0,0,0,265.7,130,45.17,47.3,116,4.02,140.3,103,6.31,8.7,1,2.35,3,0
32,80,415,0,1,34,243.4,96,41.38,102.3,115,8.7,217.8,95,9.8,12.2,3,3.29,1,0
35,87,415,0,0,0,139.7,112,23.75,226.8,62,19.28,168.5,65,7.58,15.1,7,4.08,1,0
20,7,510,0,0,0,170.2,83,28.93,137.2,123,11.66,188,67,8.46,11.1,7,3,2,0
9,133,415,0,0,0,128.9,85,21.91,201.4,93,17.12,275.3,103,12.39,11.1,3,3,1,0
18,120,415,0,0,0,94.3,97,16.03,181.5,91,15.43,176.5,149,7.94,9.6,4,2.59,1,0
14,108,415,0,1,30,126,124,21.42,202.4,84,17.2,186.4,99,8.39,8.6,1,2.32,1,0
1,155,415,0,0,0,281.6,103,47.87,152.7,82,12.98,196.8,86,8.86,7.4,3,2,2,0
15,95,510,0,0,0,88,81,14.96,145.9,109,12.4,237.7,90,10.7,9.8,2,2.65,2,0
5,120,408,0,0,0,121,139,20.57,270.4,121,22.98,141,90,6.35,5.3,8,1.43,1,0
21,61,415,0,0,0,217.5,116,36.98,258.5,108,21.97,210.4,99,9.47,8.7,3,2.35,1,0
4,181,510,0,1,16,196,85,33.32,107.1,119,9.1,205.9,110,9.27,9.7,1,2.62,1,0
35,114,415,0,1,23,186.2,95,31.65,258.3,129,21.96,183.9,93,8.28,7.8,6,2.11,0,0
36,160,510,0,1,33,137,100,23.29,203.5,82,17.3,218.7,64,9.84,5.8,4,1.57,2,0
12,58,408,0,0,0,191.3,120,32.52,216.4,124,18.39,100.3,132,4.51,8.6,9,2.32,3,0
32,71,408,0,1,24,139.8,58,23.77,253.8,110,21.57,252.8,113,11.38,11.1,6,3,1,0
17,141,408,0,0,0,301.4,87,51.24,269.2,111,22.88,148.6,95,6.69,14.4,5,3.89,0,1
30,1,415,0,0,0,195,81,33.15,266.2,123,22.63,213.9,132,9.63,11.1,6,3,0,0
3,50,510,0,0,0,202,106,34.34,174.7,70,14.85,152.9,92,6.88,6,6,1.62,4,0
4,38,415,1,0,0,211.6,87,35.97,106.9,68,9.09,239.2,99,10.76,14.1,11,3.81,0,1
24,110,408,0,0,0,272.5,113,46.33,288.9,113,24.56,172.4,96,7.76,10.1,5,2.73,2,1
23,77,415,1,0,0,323.7,106,55.03,139.2,99,11.83,204.4,89,9.2,8.5,3,2.3,6,1
0,155,408,0,0,0,214.2,121,36.41,199.5,68,16.96,216.8,132,9.76,11.7,10,3.16,3,0
9,102,415,0,1,32,135.7,108,23.07,216.5,134,18.4,160.5,125,7.22,13,7,3.51,1,0
32,97,415,0,1,35,203.1,104,34.53,211.8,91,18,246.1,105,11.07,9.7,6,2.62,0,0
47,110,510,0,0,0,281.2,78,47.8,302.3,89,25.7,188.4,92,8.48,8.5,4,2.3,0,1
41,109,415,0,0,0,136.2,103,23.15,177.8,132,15.11,263.4,135,11.85,8.3,3,2.24,1,0
33,52,510,0,0,0,207.1,86,35.21,162,98,13.77,243,102,10.93,6,1,1.62,1,0
47,122,408,0,0,0,189.9,87,32.28,193.9,118,16.48,177.4,114,7.98,15.6,2,4.21,0,0
34,121,408,0,0,0,245.9,113,41.8,210.8,94,17.92,187.9,108,8.46,10.4,8,2.81,1,0
29,66,415,0,0,0,145.6,105,24.75,250.9,82,21.33,156.6,102,7.05,12.2,7,3.29,1,0
20,82,510,0,0,0,202.9,96,34.49,234.2,105,19.91,217.4,123,9.78,10.1,3,2.73,4,0
6,129,415,0,1,23,210.7,119,35.82,137.4,51,11.68,248.2,92,11.17,7.9,6,2.13,2,0
42,41,408,0,1,43,158.9,96,27.01,280.4,117,23.83,216.5,97,9.74,10.8,4,2.92,2,0
9,120,415,0,0,0,198,101,33.66,190.2,74,16.17,241.2,105,10.85,8.3,10,2.24,4,0
29,149,408,0,1,28,212.8,117,36.18,159.9,86,13.59,222.7,88,10.02,0,0,0,1,0
7,89,415,0,0,0,242.5,71,41.23,213.3,109,18.13,231,84,10.4,6.3,3,1.7,3,0
26,57,415,0,0,0,190.1,114,32.32,274.5,96,23.33,132.5,122,5.96,9.2,5,2.48,3,0
14,145,408,0,0,0,185.9,106,31.6,209.7,112,17.82,224.7,87,10.11,9.3,4,2.51,2,0
32,73,415,0,0,0,184.7,109,31.4,161.3,108,13.71,148.8,103,6.7,11.3,4,3.05,2,0
16,57,415,0,0,0,217.1,115,36.91,258.6,92,21.98,173.7,117,7.82,12.6,6,3.4,2,0
50,175,510,0,0,0,161.2,121,27.4,136.7,109,11.62,103.3,63,4.65,9.6,9,2.59,1,0
47,50,408,0,0,0,198.7,114,33.78,141.5,90,12.03,293,79,13.18,10.5,5,2.84,4,0
42,114,510,1,1,28,136.4,93,23.19,170,90,14.45,191.5,73,8.62,14.6,4,3.94,2,1
35,152,415,0,0,0,189.5,108,32.22,218.4,69,18.56,291.1,81,13.1,11,2,2.97,3,0
1,102,510,0,1,18,144.4,76,24.55,160.7,97,13.66,200.8,101,9.04,9.3,4,2.51,0,0
16,110,415,0,0,0,170.1,87,28.92,216.6,98,18.41,225,88,10.13,10.8,3,2.92,2,0
7,90,415,0,0,0,104,104,17.68,170.9,106,14.53,158.8,99,7.15,8.7,5,2.35,4,1
39,130,415,0,0,0,119.4,99,20.3,226.3,97,19.24,202.7,111,9.12,11.3,7,3.05,0,0
4,97,415,0,0,0,197.8,122,33.63,208.2,147,17.7,106.3,115,4.78,15.1,4,4.08,1,0
6,115,415,0,0,0,211.1,112,35.89,227.8,113,19.36,179.6,110,8.08,7.2,2,1.94,0,0
48,88,510,0,0,0,202.6,139,34.44,210.7,123,17.91,81.1,86,3.65,9.8,8,2.65,1,0
44,128,510,0,1,41,184.8,76,31.42,160.6,86,13.65,162,131,7.29,9.8,6,2.65,2,0
47,71,415,0,0,0,123.8,130,21.05,226.5,91,19.25,213.9,96,9.63,8.8,7,2.38,2,0
18,47,415,1,1,31,140.6,114,23.9,264.6,44,22.49,238.7,121,10.74,9.7,4,2.62,2,0
5,126,510,0,0,0,150.8,105,25.64,157.1,85,13.35,210,102,9.45,10.7,3,2.89,0,0
11,92,408,0,0,0,192.1,87,32.66,193,122,16.41,133.4,79,6,10.7,2,2.89,1,0
20,36,510,0,0,0,175.7,69,29.87,154.8,98,13.16,208.2,68,9.37,9.5,2,2.57,0,0
39,122,408,0,0,0,93.3,109,15.86,214.4,104,18.22,176.7,104,7.95,12.1,2,3.27,0,0
47,117,415,0,0,0,212.1,133,36.06,276.6,94,23.51,195.5,124,8.8,9.5,3,2.57,2,0
28,131,408,0,0,0,43.3,118,7.36,178.5,113,15.17,185.9,120,8.37,10.6,4,2.86,0,0
18,133,415,0,0,0,173.1,126,29.43,200,98,17,231,103,10.4,10.8,1,2.92,1,0
0,128,510,0,1,28,115.4,96,19.62,185.4,94,15.76,209.3,69,9.42,17.7,4,4.78,0,0
28,81,408,0,0,0,190.9,92,32.45,208.7,132,17.74,120.8,98,5.44,11.4,6,3.08,1,0
4,81,415,0,0,0,234.1,105,39.8,237.4,88,20.18,240.6,85,10.83,11.4,4,3.08,1,0
27,96,408,0,0,0,102.1,74,17.36,93.7,88,7.96,236.2,125,10.63,14,2,3.78,1,0
32,93,415,0,0,0,131.9,91,22.42,203.8,92,17.32,205.6,121,9.25,6.8,3,1.84,1,0
43,145,408,0,0,0,135,122,22.95,206.3,88,17.54,210.4,90,9.47,19.7,4,5.32,0,0
0,53,510,1,0,0,145,80,24.65,228.4,82,19.41,169.4,109,7.62,8.9,5,2.4,0,0
10,108,408,0,0,0,170.3,48,28.95,187.7,146,15.95,204,84,9.18,16.1,4,4.35,3,0
6,52,415,0,0,0,188.7,99,32.08,210.4,89,17.88,191.4,103,8.61,10.8,2,2.92,1,0
11,61,510,0,0,0,7.2,97,1.22,221.8,78,18.85,174.5,94,7.85,12,4,3.24,1,0
6,86,408,0,0,0,181.1,124,30.79,229.5,105,19.51,122.2,91,5.5,5.6,6,1.51,5,0
27,137,408,0,0,0,151.8,90,25.81,229.6,68,19.52,171.8,122,7.73,10.8,5,2.92,2,0
25,74,510,0,0,0,159.4,86,27.1,210,122,17.85,172.4,99,7.76,8.5,2,2.3,1,0
11,118,510,0,1,31,226.6,99,38.52,164.9,136,14.02,189.3,120,8.52,10.2,5,2.75,3,0
32,127,415,0,1,27,157.6,107,26.79,280.6,49,23.85,75.1,77,3.38,8,4,2.16,1,0
48,80,510,0,0,0,157,101,26.69,208.8,127,17.75,113.3,109,5.1,16.2,2,4.37,2,0
9,150,408,0,0,0,170,115,28.9,162.7,138,13.83,267.2,77,12.02,8.3,2,2.24,0,0
4,140,510,0,0,0,244.7,115,41.6,258.6,101,21.98,231.3,112,10.41,7.5,6,2.03,1,1
41,83,415,0,0,0,188.3,70,32.01,243.8,88,20.72,213.7,79,9.62,10.3,6,2.78,0,0
11,75,408,0,0,0,170.7,101,29.02,193.1,126,16.41,129.1,104,5.81,6.9,7,1.86,1,0
44,61,415,0,0,0,140.6,89,23.9,172.8,128,14.69,212.4,97,9.56,13.6,4,3.67,1,0
44,109,510,0,0,0,188.8,67,32.1,171.7,92,14.59,224.4,89,10.1,8.5,6,2.3,0,0
21,86,415,0,1,34,129.4,102,22,267.1,104,22.7,154.8,100,6.97,9.3,16,2.51,0,0
